653,"р. Ишим, в створе с. Абатское, превышение ПДК","1,5","1,5","0,5","1,5","1,5","1,5","0,5","1,5","0,5","1,5","0,5",2020-02-20,13.03.2020 10:27:21
659,"р. Тура, выше г. Тюмени, превышение ПДК","1,5","1,5","0,5","1,5","1,5","1,5","1,5","1,5","0,5","1,5","0,5",2020-03-20,21.04.2020 12:29:31
660,"р. Тура, ниже г. Тюмени, превышение ПДК","1,5","1,5","0,5","1,5","1,5","1,5","1,5","1,5","0,5","1,5","0,5",2020-03-20,21.04.2020 12:31:18
552,"р. Тура, в створе с. Салаирка, превышение ПДК","0,5","1,5","0,5","1,5","1,5","1,5",0,0,0,0,0,2019-08-20,06.09.2019 12:49:36
556,"р. Тура, выше г. Тюмени, превышение ПДК","0,5","1,5","0,5","1,5","1,5","1,5",0,0,0,0,0,2019-08-20,06.09.2019 12:53:15
530,"р. Тура, выше г. Тюмени, превышение ПДК","1,5","1,5","0,5","1,5","1,5","1,5",0,0,0,0,0,2019-03-20,24.05.2019 11:14:18
531,"р. Тура, выше г. Тюмени, превышение ПДК","1,5","1,5","0,5","1,5","1,5","1,5",0,0,0,0,0,2019-04-19,24.05.2019 11:14:06
576,"р. Ишим, ниже г. Ишима, превышение ПДК","0,5","0,5","0,5","1,5","1,5","0,5",0,0,0,0,0,2019-08-20,06.09.2019 13:17:28
575,"р. Ишим, ниже г. Ишима, превышение ПДК","0,5","0,5","0,5","1,5","1,5","1,5",0,0,0,0,0,2019-07-19,06.09.2019 13:16:59
579,"р. Ишим, в створе с. Абатское, превышение ПДК","0,5","0,5","0,5","1,5","1,5","1,5",0,0,0,0,0,2019-07-19,06.09.2019 13:22:29
580,"р. Ишим, в створе с. Абатское, превышение ПДК","0,5","0,5","0,5","1,5","1,5","1,5",0,0,0,0,0,2019-08-20,06.09.2019 13:22:57
33,"р. Ишим, ниже г. Ишима, ПДК","4,5","1,3","0,5","0,5","1,2",0,0,0,0,0,0,2015-04-20,15.05.2015 10:15:48
265,"р. Тура, ниже г. Тюмени, превышение ПДК","1,5","1,5","0,5","1,5","0,5",0,0,0,0,0,0,2017-02-20,10.08.2017 14:42:04
266,"р. Тура, ниже г. Тюмени, превышение ПДК","1,5","1,5","0,5","1,5","0,5",0,0,0,0,0,0,2017-03-20,10.08.2017 14:44:25
268,"р. Тура, ниже г. Тюмени, превышение ПДК","0,5","1,5","0,5","1,5","1,5",0,0,0,0,0,0,2017-05-22,10.08.2017 14:51:54
269,"р. Тура, ниже г. Тюмени, превышение ПДК","0,5","1,5","0,5","1,5","1,5",0,0,0,0,0,0,2017-06-20,10.08.2017 14:52:19
622,"р. Ишим, выше г. Ишима, превышение ПДК","0,5","0,5","0,5","0,5","0,5","0,5",0,0,0,0,0,2019-11-20,12.12.2019 09:58:43
496,"р. Тура, ниже г. Тюмени, превышение ПДК","0,5","1,5","0,5","0,5","0,5","0,5",0,0,0,0,0,2018-12-20,18.03.2019 10:29:08
510,"р. Тобол, в створе с. Коркино, превышение ПДК","0,5","1,5","0,5","0,5","0,5","1,5",0,0,0,0,0,2018-12-20,18.03.2019 11:20:06
513,"р. Тобол, выше г. Ялуторовска, превышение ПДК","0,5","1,5","0,5","0,5","0,5","1,5",0,0,0,0,0,2018-12-20,18.03.2019 11:21:57
391,"р. Ишим, ниже г. Ишима, превышение ПДК","0,5","0,5","0,5","1,5","0,5",0,0,0,0,0,0,2018-02-20,29.03.2018 11:16:59
350,"р. Ишим, в створе с. Ильинское, превышение ПДК","1,5","0,5","0,5","1,5","0,5",0,0,0,0,0,0,2017-09-20,12.01.2018 16:01:41
345,"р. Тура, ниже г. Тюмени, превышение ПДК","0,5","1,5","0,5","1,5","0,5",0,0,0,0,0,0,2017-09-20,11.01.2018 17:09:49
285,"р. Ишим, выше г. Ишима, превышение ПДК","0,5","1,5","0,5","1,5","0,5",0,0,0,0,0,0,2017-04-20,10.08.2017 16:30:08
289,"р. Ишим, ниже г. Ишима, превышение ПДК","0,5","1,5","0,5","1,5","0,5",0,0,0,0,0,0,2017-01-20,10.08.2017 16:59:58
292,"р. Ишим, ниже г. Ишима, превышение ПДК","0,5","1,5","0,5","1,5","0,5",0,0,0,0,0,0,2017-04-20,10.08.2017 17:03:16
296,"р. Ишим, в створе с. Абатское, превышение ПДК","0,5","1,5","0,5","1,5","0,5",0,0,0,0,0,0,2017-04-20,10.08.2017 17:06:25
297,"р. Ишим, в створе с. Абатское, превышение ПДК","0,5","1,5","0,5","0,5","0,5",0,0,0,0,0,0,2017-05-22,10.08.2017 17:06:50
71,"р. Тобол, ниже г. Ялуторовска, ПДК","0,5","2,1","0,5","0,5","0,5",0,0,0,0,0,0,2015-07-20,11.08.2015 12:32:24
25,"р. Тобол, в створе с. Коркино, ПДК","0,5","0,5","0,5","0,5","0,5",0,0,0,0,0,0,2015-03-20,13.04.2015 10:19:11
548,"р. Тобол, в створе с. Иевлево, превышение ПДК","0,5","1,5","0,5","0,5","0,5","1,5",0,0,0,0,0,2019-04-19,24.05.2019 11:24:31
554,"р. Тура, выше г. Тюмени, превышение ПДК","0,5","1,5","0,5","0,5","0,5","1,5",0,0,0,0,0,2019-06-20,06.09.2019 12:52:00
429,"р. Ишим, в створе с. Абатское, превышение ПДК","0,5","0,5","0,5","0,5","0,5","1,5",0,0,0,0,0,2018-05-21,13.07.2018 14:51:04
573,"р. Ишим, ниже г. Ишима, превышение ПДК","0,5","0,5","0,5","0,5","0,5","1,5",0,0,0,0,0,2019-05-20,06.09.2019 13:15:50
574,"р. Ишим, ниже г. Ишима, превышение ПДК","0,5","0,5","0,5","0,5","0,5","1,5",0,0,0,0,0,2019-06-20,06.09.2019 13:16:28
666,"р. Тобол, ниже г. Ялуторовска, превышение ПДК","1,5","1,5","0,5","1,5","1,5","1,5","0,5","1,5","0,5","1,5","0,5",2020-03-20,21.04.2020 12:40:00
490,"р. Тура, в створе с. Салаирка, превышение ПДК","0,5","1,5","0,5","0,5","1,5","0,5",0,0,0,0,0,2018-12-20,18.03.2019 10:24:31
499,"р. Тура, в створе с. Покровское, превышение ПДК","1,5","1,5","0,5","1,5","1,5","1,5",0,0,0,0,0,2019-02-20,18.03.2019 11:08:39
665,"р. Тобол, выше г. Ялуторовска, превышение ПДК","1,5","1,5","0,5","0,5","1,5","1,5","0,5","1,5","0,5","1,5","0,5",2020-03-20,21.04.2020 12:38:31
17,"р. Тобол, выше г. Ялуторовска, ПДК","2,5","1,5","0,5","2,0","1,6",0,0,0,0,0,0,2015-02-20,19.03.2015 11:46:43
18,"р. Тобол, ниже г. Ялуторовска, ПДК","2,1","1,5","0,5","2,0","1,6",0,0,0,0,0,0,2015-02-20,19.03.2015 11:47:40
390,"р. Ишим, выше г. Ишима, превышение ПДК","0,5","0,5","0,5","1,5","1,5",0,0,0,0,0,0,2018-02-20,29.03.2018 11:16:25
370,"р. Тобол, выше г. Ялуторовска, превышение ПДК","1,5","0,5","0,5","1,5","1,5",0,0,0,0,0,0,2017-12-20,12.01.2018 16:16:00
28,"р. Тура, в створе с. Салаирка, ПДК","0,5","1,2","0,5","2,0","1,2",0,0,0,0,0,0,2015-04-20,15.05.2015 10:10:15
404,"р. Тобол, ниже г. Ялуторовска, превышение ПДК","1,5","1,5","0,5","1,5","1,5",0,0,0,0,0,0,2018-03-20,25.04.2018 10:22:13
388,"р. Тура, в створе с. Покровское, превышение ПДК","0,5","1,5","0,5","0,5","1,5",0,0,0,0,0,0,2018-02-20,29.03.2018 11:14:58
393,"р. Тобол, в створе с. Коркино, превышение ПДК","0,5","1,5","0,5","0,5","1,5",0,0,0,0,0,0,2018-02-20,29.03.2018 11:18:13
5,"р. Ишим, выше г. Ишима, ПДК","2,0","0,5","0,5","2,0","0,5",0,0,0,0,0,0,2015-01-20,27.02.2015 15:20:08
29,"р. Тура, выше г. Тюмени, ПДК","5,9","1,1","0,5","2,0","0,5",0,0,0,0,0,0,2015-04-20,15.05.2015 10:11:19
30,"р. Тура, ниже г. Тюмени, ПДК","7,1","1,7","0,5","2,0","0,5",0,0,0,0,0,0,2015-04-20,15.05.2015 10:12:16
344,"р. Тура, выше г. Тюмени, превышение ПДК","1,5","1,5","0,5","0,5","0,5",0,0,0,0,0,0,2017-12-20,11.01.2018 17:07:36
174,"р. Тобол, в створе с. Иевлево, превышение ПДК","0,5","1,5","0,5","1,5","0,5",0,0,0,0,0,0,2016-05-20,08.06.2016 15:00:58
178,"р. Тура, в створе с. Покровское, превышение ПДК","0,5","1,5","0,5","1,5","0,5",0,0,0,0,0,0,2016-06-17,11.07.2016 14:49:44
335,"р. Тобол, ниже г. Ялуторовска, превышение ПДК","1,5","1,5","0,5","1,5","1,5",0,0,0,0,0,0,2017-08-21,07.09.2017 12:04:12
336,"р. Тобол, в створе с. Иевлево, превышение ПДК","1,5","1,5","0,5","1,5","1,5",0,0,0,0,0,0,2017-08-21,07.09.2017 12:04:42
182,"р. Ишим, в створе с. Абатское, превышение ПДК","1,5","0,5","0,5","0,5","1,5",0,0,0,0,0,0,2016-06-17,11.07.2016 14:56:07
82,"р. Тобол, выше г. Ялуторовска, ПДК","0,5","0,5","0,5","0,5","0,5",0,0,0,0,0,0,2015-08-20,11.09.2015 10:33:00
456,"р. Ишим, выше г. Ишима, превышение ПДК","0,5","1,5","0,5","0,5","1,5","1,5",0,0,0,0,0,2018-08-20,08.11.2018 12:09:43
457,"р. Ишим, ниже г. Ишима, превышение ПДК","0,5","1,5","0,5","0,5","1,5","1,5",0,0,0,0,0,2018-08-20,08.11.2018 12:10:22
534,"р. Тура, в створе с. Покровское, превышение ПДК","1,5","1,5","0,5","0,5","0,5","1,5",0,0,0,0,0,2019-04-19,24.05.2019 11:15:17
577,"р. Ишим, в створе с. Абатское, превышение ПДК","0,5","0,5","0,5","0,5","0,5","1,5",0,0,0,0,0,2019-05-20,06.09.2019 13:20:45
578,"р. Ишим, в створе с. Абатское, превышение ПДК","0,5","0,5","0,5","0,5","0,5","1,5",0,0,0,0,0,2019-06-20,06.09.2019 13:21:56
250,"р. Тура, в створе с. Салаирка, превышение ПДК","1,5","1,5","0,5","0,5","1,5",0,0,0,0,0,0,2017-01-20,10.08.2017 14:16:09
238,"р. Тобол, в створе с. Коркино, превышение ПДК","1,5","0,5","0,5","0,5","1,5",0,0,0,0,0,0,2016-11-18,17.01.2017 17:13:31
303,"р. Тобол, в створе с. Коркино, превышение ПДК","1,5","1,5","0,5","0,5","1,5",0,0,0,0,0,0,2017-04-20,11.08.2017 11:25:43
241,"р. Тура, в створе с. Салаирка, превышение ПДК","0,5","0,5","0,5","0,5","1,5",0,0,0,0,0,0,2016-12-20,17.01.2017 17:33:32
512,"р. Тобол, в створе с. Коркино, превышение ПДК","1,5","1,5","0,5","0,5","1,5","1,5",0,0,0,0,0,2019-02-20,18.03.2019 11:21:21
408,"р. Ишим, в створе с. Ильинское, превышение ПДК","0,5","1,5","0,5","0,5","1,5","1,5",0,0,0,0,0,2018-04-20,25.06.2018 12:06:02
409,"р. Ишим, выше г. Ишима, превышение ПДК","0,5","1,5","0,5","0,5","1,5","1,5",0,0,0,0,0,2018-04-20,25.06.2018 12:06:47
410,"р. Ишим, ниже г. Ишима, превышение ПДК","0,5","1,5","0,5","0,5","1,5","1,5",0,0,0,0,0,2018-04-20,25.06.2018 12:07:22
438,"р. Тобол, с. Иевлево, превышение ПДК","0,5","1,5","0,5","0,5","1,5","1,5",0,0,0,0,0,2018-06-20,13.07.2018 15:02:17
439,"р. Тура, в створе с. Салаирка, превышение ПДК","0,5","1,5","0,5","0,5","1,5","1,5",0,0,0,0,0,2018-07-20,04.09.2018 15:01:15
440,"р. Тура, выше г. Тюмени, превышение ПДК","0,5","1,5","0,5","0,5","1,5","1,5",0,0,0,0,0,2018-07-20,04.09.2018 15:01:58
359,"р. Ишим, ниже г. Ишима, превышение ПДК","0,5","0,5","0,5","0,5","1,5",0,0,0,0,0,0,2017-10-20,12.01.2018 16:06:44
360,"р. Ишим, ниже г. Ишима, превышение ПДК","0,5","0,5","0,5","0,5","1,5",0,0,0,0,0,0,2017-11-20,12.01.2018 16:07:16
582,"р. Тобол, в створе с. Коркино, превышение ПДК","0,5","0,5","0,5","0,5","0,5","1,5",0,0,0,0,0,2019-06-20,06.09.2019 14:15:36
585,"р. Тобол, выше г. Ялуторовска, превышение ПДК","0,5","0,5","0,5","0,5","0,5","1,5",0,0,0,0,0,2019-05-20,06.09.2019 14:17:18
454,"р. Тура, в створе с. Покровское, превышение ПДК","1,5","0,5","0,5","0,5","0,5","0,5",0,0,0,0,0,2018-08-20,08.11.2018 12:08:12
193,"р. Ишим, ниже г. Ишима, превышение ПДК","0,5","0,5","0,5","0,5","0,5",0,0,0,0,0,0,2016-07-22,11.08.2016 12:42:55
218,"р. Ишим, в створе с. Абатское, превышение ПДК","0,5","0,5","0,5","0,5","0,5",0,0,0,0,0,0,2016-09-30,17.10.2016 14:37:11
222,"р. Тобол, в створе с. Иевлево, превышение ПДК","0,5","0,5","0,5","0,5","0,5",0,0,0,0,0,0,2016-09-30,17.10.2016 14:44:43
13,"р. Ишим, в створе с. Ильинское, ПДК","0,5","0,5","0,5","0,5","0,5",0,0,0,0,0,0,2015-02-20,19.03.2015 11:41:18
322,"р. Тобол, в створе с. Иевлево, превышение ПДК","0,5","0,5","0,5","0,5","0,5",0,0,0,0,0,0,2017-05-22,11.08.2017 11:58:15
349,"р. Тура, в створе с. Покровское, превышение ПДК","0,5","0,5","0,5","0,5","0,5",0,0,0,0,0,0,2017-10-20,11.01.2018 17:29:41
355,"р. Ишим, выше г. Ишима, превышение ПДК","0,5","0,5","0,5","0,5","0,5",0,0,0,0,0,0,2017-10-20,12.01.2018 16:04:22
304,"р. Тобол, в створе с. Коркино, превышение ПДК","0,5","1,5","0,5","1,5","1,5",0,0,0,0,0,0,2017-05-22,11.08.2017 11:26:25
301,"р. Тобол, в створе с. Коркино, превышение ПДК","0,5","1,5","0,5","0,5","0,5",0,0,0,0,0,0,2017-02-20,11.08.2017 11:24:41
313,"р. Тобол, выше г. Ялуторовска, превышение ПДК","0,5","1,5","0,5","0,5","1,5",0,0,0,0,0,0,2017-07-20,11.08.2017 11:31:39
506,"р. Ишим, ниже г. Ишима, превышение ПДК","0,5","0,5","0,5","0,5","1,5","1,5",0,0,0,0,0,2018-12-20,18.03.2019 11:12:57
508,"р. Ишим, ниже г. Ишима, превышение ПДК","0,5","0,5","0,5","0,5","1,5","1,5",0,0,0,0,0,2019-02-20,18.03.2019 11:14:02
555,"р. Тура, выше г. Тюмени, превышение ПДК","0,5","0,5","0,5","1,5","0,5","1,5",0,0,0,0,0,2019-07-19,06.09.2019 12:52:39
563,"р. Тура, в створе с. Покровское, превышение ПДК","0,5","0,5","0,5","1,5","0,5","1,5",0,0,0,0,0,2019-07-19,06.09.2019 12:58:31
468,"р. Ишим, ниже г. Ишима, превышение ПДК","0,5","0,5","0,5","0,5","0,5","1,5",0,0,0,0,0,2018-09-20,08.11.2018 12:17:28
168,"р. Ишим, выше г. Ишима, превышение ПДК","1,5","1,5","0,5","1,5","0,5",0,0,0,0,0,0,2016-05-20,08.06.2016 14:54:06
41,"р. Ишим, в створе с. Ильинское, ПДК","2,0","0,5","0,5","0,5","0,5",0,0,0,0,0,0,2015-05-20,15.06.2015 10:52:06
46,"р. Тобол, выше г. Ялуторовска, ПДК","2,6","0,5","0,5","0,5","0,5",0,0,0,0,0,0,2015-05-20,15.06.2015 10:57:04
158,"р. Ишим, в створе с. Абатское, превышение ПДК","1,5","1,5","0,5","0,5","0,5",0,0,0,0,0,0,2016-04-22,23.05.2016 12:37:49
160,"р. Тобол, выше г. Ялуторовска, превышение ПДК","1,5","1,5","0,5","0,5","0,5",0,0,0,0,0,0,2016-04-22,23.05.2016 12:53:59
100,"р. Ишим, ниже г. Ишима, ПДК","0,5","0,5","0,5","0,5","0,5",0,0,0,0,0,0,2015-10-20,10.11.2015 15:33:55
101,"р. Ишим, в створе с. Абатское, ПДК","0,5","0,5","0,5","0,5","0,5",0,0,0,0,0,0,2015-10-20,10.11.2015 15:34:37
300,"р. Тобол, в створе с. Коркино, превышение ПДК","1,5","1,5","0,5","0,5","0,5",0,0,0,0,0,0,2017-01-20,11.08.2017 11:24:18
248,"р. Тобол, выше г. Ялуторовска, превышение ПДК","1,5","0,5","0,5","1,5","1,5",0,0,0,0,0,0,2016-12-20,17.01.2017 17:40:14
89,"р. Ишим, выше г. Ишима, ПДК","0,5","1,0","0,5","0,5","0,5",0,0,0,0,0,0,2015-09-20,20.10.2015 14:03:49
594,"р. Тобол, в створе с. Иевлево, превышение ПДК","0,5","0,5","0,5","0,5","0,5","1,5",0,0,0,0,0,2019-06-20,06.09.2019 14:25:19
624,"р. Тобол, в створе с. Коркино, превышение ПДК","0,5","0,5","0,5","0,5","0,5","1,5",0,0,0,0,0,2019-11-20,12.12.2019 10:00:42
516,"р. Тобол, ниже г. Ялуторовска, превышение ПДК","1,5","1,5","0,5","0,5","0,5","1,5",0,0,0,0,0,2018-12-20,18.03.2019 11:23:39
517,"р. Тобол, ниже г. Ялуторовска, превышение ПДК","1,5","1,5","0,5","0,5","0,5","1,5",0,0,0,0,0,2019-01-21,18.03.2019 11:24:19
564,"р. Тура, в створе с. Покровское, превышение ПДК","1,5","1,5","0,5","0,5","0,5","1,5",0,0,0,0,0,2019-08-20,06.09.2019 12:59:09
600,"р. Тура, выше г. Тюмени, превышение ПДК","1,5","1,5","0,5","0,5","0,5","1,5",0,0,0,0,0,2019-10-21,27.11.2019 17:28:38
418,"р. Тура, в створе с. Покровское, превышение ПДК","0,5","0,5","0,5","0,5","0,5","1,5",0,0,0,0,0,2018-05-21,13.07.2018 14:42:41
361,"р. Ишим, ниже г. Ишима, превышение ПДК","0,5","0,5","0,5","0,5","1,5",0,0,0,0,0,0,2017-12-20,12.01.2018 16:10:03
364,"р. Тобол, в створе с. Коркино, превышение ПДК","0,5","0,5","0,5","0,5","1,5",0,0,0,0,0,0,2017-10-20,12.01.2018 16:12:24
365,"р. Тобол, в створе с. Коркино, превышение ПДК","0,5","0,5","0,5","0,5","1,5",0,0,0,0,0,0,2017-11-20,12.01.2018 16:12:54
329,"р. Ишим, в створе с. Ильинское, превышение ПДК","1,5","1,5","0,5","0,5","1,5",0,0,0,0,0,0,2017-08-21,07.09.2017 12:00:53
333,"р. Тобол, в створе с. Коркино, превышение ПДК","1,5","1,5","0,5","0,5","1,5",0,0,0,0,0,0,2017-08-21,07.09.2017 12:03:10
366,"р. Тобол, в створе с. Коркино, превышение ПДК","0,5","0,5","0,5","0,5","1,5",0,0,0,0,0,0,2017-12-20,12.01.2018 16:13:18
372,"р. Тобол, ниже г. Ялуторовска, превышение ПДК","0,5","0,5","0,5","0,5","1,5",0,0,0,0,0,0,2017-10-20,12.01.2018 16:17:08
369,"р. Тобол, выше г. Ялуторовска, превышение ПДК","1,5","0,5","0,5","0,5","1,5",0,0,0,0,0,0,2017-11-20,12.01.2018 16:15:29
488,"р. Тобол, выше г. Ялуторовска, превышение ПДК","1,5","0,5","0,5","0,5","1,5","0,5",0,0,0,0,0,2018-11-19,23.01.2019 15:26:38
161,"р. Тобол, ниже г. Ялуторовска, превышение ПДК","1,5","1,5","0,5","0,5","0,5",0,0,0,0,0,0,2016-04-22,23.05.2016 12:54:40
164,"р. Тура, выше г. Тюмени, превышение ПДК","1,5","1,5","0,5","0,5","0,5",0,0,0,0,0,0,2016-05-20,08.06.2016 14:48:19
165,"р. Тура, ниже г. Тюмени, превышение ПДК","1,5","1,5","0,5","0,5","0,5",0,0,0,0,0,0,2016-05-20,08.06.2016 14:49:45
444,"р. Ишим, выше г. Ишима, превышение ПДК","0,5","0,5","0,5","0,5","0,5","0,5",0,0,0,0,0,2018-07-20,04.09.2018 15:04:39
66,"р. Ишим, выше г. Ишима, ПДК","0,5","0,5","0,5","0,5","0,5",0,0,0,0,0,0,2015-07-20,11.08.2015 11:18:57
470,"р. Тобол, выше г. Ялуторовска, превышение ПДК","0,5","0,5","0,5","0,5","0,5","1,5",0,0,0,0,0,2018-09-20,08.11.2018 12:18:41
471,"р. Тобол, ниже г. Ялуторовска, превышение ПДК","0,5","0,5","0,5","0,5","0,5","1,5",0,0,0,0,0,2018-09-20,08.11.2018 12:19:21
489,"р. Тобол, ниже г. Ялуторовска, превышение ПДК","1,5","0,5","0,5","0,5","1,5","0,5",0,0,0,0,0,2018-11-19,23.01.2019 15:27:14
373,"р. Тобол, ниже г. Ялуторовска, превышение ПДК","1,5","0,5","0,5","0,5","1,5",0,0,0,0,0,0,2017-11-20,12.01.2018 16:17:49
405,"р. Тура, в створе с. Салаирка, превышение ПДК","1,5","1,5","0,5","0,5","1,5",0,0,0,0,0,0,2018-04-20,25.06.2018 12:03:02
280,"р. Ишим, в створе с. Ильинское, превышение ПДК","0,5","0,5","0,5","0,5","1,5",0,0,0,0,0,0,2017-06-20,10.08.2017 15:25:10
298,"р. Ишим, в створе с. Абатское, превышение ПДК","0,5","0,5","0,5","0,5","1,5",0,0,0,0,0,0,2017-06-20,10.08.2017 17:07:40
427,"р. Ишим, ниже г. Ишима, превышение ПДК","0,5","0,5","0,5","0,5","1,5","1,5",0,0,0,0,0,2018-05-21,13.07.2018 14:49:21
302,"р. Тобол, в створе с. Коркино, превышение ПДК","0,5","0,5","0,5","0,5","1,5",0,0,0,0,0,0,2017-03-20,11.08.2017 11:25:07
306,"р. Тобол, в створе с. Коркино, превышение ПДК","0,5","0,5","0,5","0,5","1,5",0,0,0,0,0,0,2017-07-20,11.08.2017 11:27:27
85,"р. Тура, в створе с. Салаирка, ПДК","5,0","1,73","0,5","1,0","5,6",0,0,0,0,0,0,2015-09-20,20.10.2015 13:59:49
351,"р. Ишим, в створе с. Ильинское, превышение ПДК","0,5","0,5","0,5","0,5","1,5",0,0,0,0,0,0,2017-10-20,12.01.2018 16:02:13
354,"р. Ишим, выше г. Ишима, превышение ПДК","0,5","0,5","0,5","0,5","1,5",0,0,0,0,0,0,2017-09-20,12.01.2018 16:03:52
442,"р. Тура, в створе с. Покровское, превышение ПДК","0,5","0,5","0,5","0,5","0,5","1,5",0,0,0,0,0,2018-07-20,04.09.2018 15:03:00
565,"р. Ишим, в створе с. Ильинское, превышение ПДК","0,5","0,5","0,5","0,5","0,5","1,5",0,0,0,0,0,2019-05-20,06.09.2019 13:10:25
566,"р. Ишим, в створе с. Ильинское, превышение ПДК","0,5","0,5","0,5","0,5","0,5","1,5",0,0,0,0,0,2019-06-20,06.09.2019 13:10:56
394,"р. Тобол, выше г. Ялуторовска, превышение ПДК","1,5","1,5","0,5","0,5","0,5",0,0,0,0,0,0,2018-02-20,29.03.2018 11:18:58
395,"р. Тобол, ниже г. Ялуторовска, превышение ПДК","1,5","1,5","0,5","0,5","0,5",0,0,0,0,0,0,2018-02-20,29.03.2018 11:20:16
337,"р. Тура, в створе с. Салаирка, превышение ПДК","0,5","1,5","0,5","0,5","0,5",0,0,0,0,0,0,2017-12-20,11.01.2018 16:59:08
55,"р. Ишим, ниже г. Ишима, ПДК","1,9","0,5","0,5","0,5","0,5",0,0,0,0,0,0,2015-06-20,14.07.2015 09:32:53
61,"р. Тура, в створе с. Салаирка, ПДК","1,7","0,5","0,5","0,5","0,5",0,0,0,0,0,0,2015-07-20,11.08.2015 11:13:33
286,"р. Ишим, выше г. Ишима, превышение ПДК","0,5","1,5","0,5","0,5","1,5",0,0,0,0,0,0,2017-05-22,10.08.2017 16:30:41
287,"р. Ишим, выше г. Ишима, превышение ПДК","0,5","1,5","0,5","0,5","1,5",0,0,0,0,0,0,2017-06-20,10.08.2017 16:31:06
288,"р. Ишим, выше г. Ишима, превышение ПДК","0,5","1,5","0,5","0,5","1,5",0,0,0,0,0,0,2017-07-20,10.08.2017 16:31:30
293,"р. Ишим, ниже г. Ишима, превышение ПДК","0,5","1,5","0,5","0,5","1,5",0,0,0,0,0,0,2017-05-22,10.08.2017 17:03:41
295,"р. Ишим, ниже г. Ишима, превышение ПДК","0,5","1,5","0,5","0,5","1,5",0,0,0,0,0,0,2017-07-20,10.08.2017 17:05:17
589,"р. Тобол, ниже г. Ялуторовска, превышение ПДК","0,5","0,5","0,5","0,5","0,5","1,5",0,0,0,0,0,2019-05-20,06.09.2019 14:21:18
590,"р. Тобол, ниже г. Ялуторовска, превышение ПДК","0,5","0,5","0,5","0,5","0,5","1,5",0,0,0,0,0,2019-06-20,06.09.2019 14:21:46
400,"р. Ишим, выше г. Ишима, превышение ПДК","0,5","0,5","0,5","1,5","1,5","1,5",0,0,0,0,0,2018-03-20,25.04.2018 10:18:18
399,"р. Ишим, в створе с. Ильинское, превышение ПДК","0,5","0,5","0,5","1,5","1,5","1,5",0,0,0,0,0,2018-03-20,25.04.2018 10:17:22
421,"р. Тура, выше г. Тюмени, превышение ПДК","0,5","0,5","0,5","1,5","1,5","1,5",0,0,0,0,0,2018-06-20,13.07.2018 14:45:13
422,"р. Тура, ниже г. Тюмени, превышение ПДК","0,5","0,5","0,5","1,5","1,5","1,5",0,0,0,0,0,2018-06-20,13.07.2018 14:45:50
424,"р. Ишим, в створе с. Ильинское, превышение ПДК","0,5","0,5","0,5","1,5","1,5","1,5",0,0,0,0,0,2018-06-20,13.07.2018 14:47:23
271,"р. Тура, в створе с. Покровское, превышение ПДК","1,5","1,5","0,5","1,5","1,5",0,0,0,0,0,0,2017-04-20,10.08.2017 15:07:26
307,"р. Тобол, выше г. Ялуторовска, превышение ПДК","1,5","0,5","0,5","1,5","1,5",0,0,0,0,0,0,2017-01-20,11.08.2017 11:28:38
314,"р. Тобол, ниже г. Ялуторовска, превышение ПДК","1,5","0,5","0,5","1,5","1,5",0,0,0,0,0,0,2017-01-20,11.08.2017 11:51:42
81,"р. Тобол, в створе с. Коркино, ПДК","1,9","0,5","0,5","0,5","0,5",0,0,0,0,0,0,2015-08-20,11.09.2015 10:32:21
127,"р. Ишим, в створе с. Ильинское, ПДК","1,3","0,5","0,5","0,5","0,5",0,0,0,0,0,0,2016-02-19,15.03.2016 16:41:32
136,"р. Ишим, в створе с. Ильинское, ПДК","2,3","0,5","0,5","0,5","0,5",0,0,0,0,0,0,2016-01-22,15.03.2016 17:10:55
458,"р. Ишим, в створе с. Абатское, превышение ПДК","0,5","0,5","0,5","0,5","0,5","1,5",0,0,0,0,0,2018-08-20,08.11.2018 12:10:54
459,"р. Тобол, в створе с. Коркино, превышение ПДК","0,5","0,5","0,5","0,5","0,5","1,5",0,0,0,0,0,2018-08-20,08.11.2018 12:11:23
461,"р. Тобол, ниже г. Ялуторовска, превышение ПДК","0,5","0,5","0,5","0,5","0,5","1,5",0,0,0,0,0,2018-08-20,08.11.2018 12:12:48
500,"р. Ишим, в створе с. Ильинское, превышение ПДК","0,5","0,5","0,5","0,5","0,5","1,5",0,0,0,0,0,2018-12-20,18.03.2019 11:09:36
536,"р. Ишим, в створе с. Ильинское, превышение ПДК","0,5","0,5","0,5","0,5","0,5","1,5",0,0,0,0,0,2019-04-19,24.05.2019 11:16:19
570,"р. Ишим, выше г. Ишима, превышение ПДК","0,5","0,5","0,5","0,5","0,5","1,5",0,0,0,0,0,2019-06-20,06.09.2019 13:13:41
187,"р. Тура, в створе с. Салаирка, превышение ПДК","0,5","1,5","0,5","1,5","0,5",0,0,0,0,0,0,2016-07-22,11.08.2016 12:38:23
188,"р. Тура, выше г. Тюмени, превышение ПДК","0,5","1,5","0,5","1,5","0,5",0,0,0,0,0,0,2016-07-22,11.08.2016 12:39:11
189,"р. Тура, ниже г. Тюмени, превышение ПДК","0,5","1,5","0,5","1,5","0,5",0,0,0,0,0,0,2016-07-22,11.08.2016 12:39:47
190,"р. Тура, в створе с. Покровское, превышение ПДК","0,5","1,5","0,5","1,5","0,5",0,0,0,0,0,0,2016-07-22,11.08.2016 12:40:38
195,"р. Тобол, в створе с. Коркино, превышение ПДК","0,5","1,5","0,5","1,5","0,5",0,0,0,0,0,0,2016-07-22,11.08.2016 16:33:21
245,"р. Ишим, выше г. Ишима, превышение ПДК","0,5","1,5","0,5","1,5","0,5",0,0,0,0,0,0,2016-12-20,17.01.2017 17:37:00
198,"р. Тобол, в створе с. Иевлево, превышение ПДК","0,5","1,5","0,5","0,5","0,5",0,0,0,0,0,0,2016-07-22,11.08.2016 16:36:13
244,"р. Ишим, в створе с. Ильинское, превышение ПДК","0,5","1,5","0,5","0,5","0,5",0,0,0,0,0,0,2016-12-20,17.01.2017 17:36:12
246,"р. Ишим, ниже г. Ишима, превышение ПДК","0,5","1,5","0,5","1,5","0,5",0,0,0,0,0,0,2016-12-20,17.01.2017 17:37:36
247,"р. Тобол, в створе с. Коркино, превышение ПДК","0,5","1,5","0,5","1,5","0,5",0,0,0,0,0,0,2016-12-20,17.01.2017 17:39:13
255,"р. Тура, в створе с. Салаирка, превышение ПДК","0,5","1,5","0,5","1,5","0,5",0,0,0,0,0,0,2017-06-20,10.08.2017 14:19:45
256,"р. Тура, в створе с. Салаирка, превышение ПДК","0,5","1,5","0,5","1,5","0,5",0,0,0,0,0,0,2017-07-20,07.09.2017 11:57:21
614,"р. Тобол, выше г. Ялуторовска, превышение ПДК","0,5","0,5","0,5","0,5","0,5","1,5",0,0,0,0,0,2019-10-21,27.11.2019 17:41:09
233,"р. Тура, выше г. Тюмени, превышение ПДК","0,5","1,5","0,5","0,5","1,5",0,0,0,0,0,0,2016-11-18,17.01.2017 17:09:04
234,"р. Тура, ниже г. Тюмени, превышение ПДК","0,5","1,5","0,5","0,5","1,5",0,0,0,0,0,0,2016-11-18,17.01.2017 17:09:44
363,"р. Тобол, в створе с. Коркино, превышение ПДК","0,5","1,5","0,5","0,5","0,5",0,0,0,0,0,0,2017-09-20,12.01.2018 16:11:54
202,"р. Тура, в створе с. Покровское, превышение ПДК","1,5","1,5","0,5","0,5","0,5",0,0,0,0,0,0,2016-08-31,07.09.2016 16:29:19
207,"р. Тобол, в створе с. Коркино, превышение ПДК","1,5","1,5","0,5","0,5","0,5",0,0,0,0,0,0,2016-08-31,07.09.2016 16:33:59
441,"р. Тура, ниже г. Тюмени, превышение ПДК","0,5","1,5","0,5","0,5","1,5","1,5",0,0,0,0,0,2018-07-20,04.09.2018 15:02:21
215,"р. Ишим, в створе с. Ильинское, превышение ПДК","1,5","0,5","0,5","1,5","1,5",0,0,0,0,0,0,2016-09-30,17.10.2016 14:31:54
220,"р. Тобол, выше г. Ялуторовска, превышение ПДК","0,5","1,5","0,5","1,5","1,5",0,0,0,0,0,0,2016-09-30,17.10.2016 14:42:38
221,"р. Тобол, ниже г. Ялуторовска, превышение ПДК","0,5","1,5","0,5","1,5","1,5",0,0,0,0,0,0,2016-09-30,17.10.2016 14:43:55
206,"р. Ишим, в створе с. Абатское, превышение ПДК","1,5","0,5","0,5","0,5","1,5",0,0,0,0,0,0,2016-08-31,07.09.2016 16:33:01
208,"р. Тобол, выше г. Ялуторовска, превышение ПДК","0,5","1,5","0,5","0,5","1,5",0,0,0,0,0,0,2016-08-31,07.09.2016 16:36:30
209,"р. Тобол, ниже г. Ялуторовска, превышение ПДК","0,5","1,5","0,5","0,5","1,5",0,0,0,0,0,0,2016-08-31,07.09.2016 16:43:29
211,"р. Тура, в створе с. Салаирка, превышение ПДК","0,5","1,5","0,5","0,5","1,5",0,0,0,0,0,0,2016-09-30,17.10.2016 14:27:05
216,"р. Ишим, выше г. Ишима, превышение ПДК","0,5","1,5","0,5","0,5","1,5",0,0,0,0,0,0,2016-09-30,17.10.2016 14:33:23
217,"р. Ишим, ниже г. Ишима, превышение ПДК","0,5","1,5","0,5","0,5","1,5",0,0,0,0,0,0,2016-09-30,17.10.2016 14:34:34
7,"р. Тобол, в створе с. Коркино, ПДК","5,4","0,5","0,5","0,5","0,5",0,0,0,0,0,0,2015-01-20,27.02.2015 15:22:40
1,"р. Тура, в створе с. Салаирка, ПДК","1,5","1,6","0,5","6,0","0,5",0,0,0,0,0,0,2015-01-20,27.02.2015 15:16:55
34,"р. Тобол, в створе с. Коркино, ПДК","1,4","1,12","0,5","0,5","0,5",0,0,0,0,0,0,2015-04-20,15.05.2015 10:17:30
10,"р. Тура, в створе с. Салаирка, ПДК",2.0,1.6,"0,5",2.0,"0,5",0,0,0,0,0,0,2015-02-20,19.03.2015 11:37:54
4,"р. Ишим, в створе с. Ильинское, ПДК","1,7","0,5","0,5","2,0","0,5",0,0,0,0,0,0,2015-01-20,27.02.2015 15:16:29
8,"р. Тобол, выше г. Ялуторовска, ПДК","2,8","0,5","0,5","0,5","0,5",0,0,0,0,0,0,2015-01-20,27.02.2015 15:23:31
16,"р. Тобол, в створе с. Коркино, ПДК","1,9","1,5","0,5","3,0","0,5",0,0,0,0,0,0,2015-02-20,19.03.2015 11:45:41
21,"р. Тура, ниже г. Тюмени, ПДК","5,2","1,5","0,5","2,0","0,5",0,0,0,0,0,0,2015-03-20,13.04.2015 10:14:19
24,"р. Ишим, ниже г. Ишима, ПДК","3,5","1,3","0,5","2,0","0,5",0,0,0,0,0,0,2015-03-20,13.04.2015 10:17:20
308,"р. Тобол, выше г. Ялуторовска, превышение ПДК","1,5","1,5","0,5","0,5","0,5",0,0,0,0,0,0,2017-02-20,11.08.2017 11:29:05
315,"р. Тобол, ниже г. Ялуторовска, превышение ПДК","1,5","1,5","0,5","0,5","0,5",0,0,0,0,0,0,2017-02-20,11.08.2017 11:52:43
69,"р. Тобол, в створе с. Коркино, ПДК","0,5","1,6","0,5","0,5","0,5",0,0,0,0,0,0,2015-07-20,11.08.2015 12:30:34
109,"р. Ишим, в створе с. Ильинское, ПДК","0,5","0,5","0,5","0,5","0,5",0,0,0,0,0,0,2015-11-20,10.12.2015 16:17:14
110,"р. Ишим, выше г. Ишима, ПДК","0,5","0,5","0,5","0,5","0,5",0,0,0,0,0,0,2015-11-20,10.12.2015 16:18:19
425,"р. Ишим, выше г. Ишима, превышение ПДК","0,5","0,5","0,5","0,5","1,5","1,5",0,0,0,0,0,2018-05-21,13.07.2018 14:48:00
613,"р. Тобол, выше г. Ялуторовска, превышение ПДК","0,5","0,5","0,5","0,5","1,5","1,5",0,0,0,0,0,2019-09-20,27.11.2019 17:40:46
616,"р. Тобол, ниже г. Ялуторовска, превышение ПДК","0,5","0,5","0,5","0,5","1,5","1,5",0,0,0,0,0,2019-10-21,27.11.2019 17:42:15
617,"р. Тобол, в створе с. Иевлево, превышение ПДК","0,5","0,5","0,5","0,5","1,5","1,5",0,0,0,0,0,2019-10-21,27.11.2019 17:42:53
511,"р. Тобол, в створе с. Коркино, превышение ПДК","1,5","1,5","0,5","0,5","0,5","1,5",0,0,0,0,0,2019-01-21,18.03.2019 11:20:46
463,"р. Тура, в створе с. Салаирка, превышение ПДК","0,5","1,5","0,5","1,5","0,5","1,5",0,0,0,0,0,2018-09-20,08.11.2018 12:14:07
426,"р. Ишим, выше г. Ишима, превышение ПДК","0,5","0,5","0,5","1,5","0,5","1,5",0,0,0,0,0,2018-06-20,13.07.2018 14:48:35
464,"р. Тура, выше г. Тюмени, превышение ПДК","0,5","1,5","0,5","0,5","0,5","1,5",0,0,0,0,0,2018-09-20,08.11.2018 12:14:49
630,"р. Тура, ниже г. Тюмени, превышение ПДК","0,5","1,5","0,5","0,5","0,5","1,5","1,5","1,5","0,5","1,5","1,5",2019-12-20,29.01.2020 17:35:05
281,"р. Ишим, в створе с. Ильинское, превышение ПДК","0,5","1,5","0,5","1,5","1,5",0,0,0,0,0,0,2017-07-20,10.08.2017 15:25:49
274,"р. Тура, в створе с. Покровское, превышение ПДК","0,5","1,5","0,5","0,5","1,5",0,0,0,0,0,0,2017-07-20,10.08.2017 15:08:41
278,"р. Ишим, в створе с. Ильинское, превышение ПДК","0,5","1,5","0,5","1,5","0,5",0,0,0,0,0,0,2017-04-20,10.08.2017 15:24:21
483,"р. Тура, ниже г. Тюмени, превышение ПДК","1,5","1,5","0,5","0,5","0,5","0,5",0,0,0,0,0,2018-11-19,23.01.2019 15:16:29
623,"р. Ишим, ниже г. Ишима, превышение ПДК","0,5","0,5","0,5","0,5","0,5","0,5",0,0,0,0,0,2019-11-20,12.12.2019 09:59:21
273,"р. Тура, в створе с. Покровское, превышение ПДК","0,5","1,5","0,5","0,5","1,5",0,0,0,0,0,0,2017-06-20,10.08.2017 15:08:20
586,"р. Тобол, выше г. Ялуторовска, превышение ПДК","0,5","0,5","0,5","0,5","0,5","1,5",0,0,0,0,0,2019-06-20,06.09.2019 14:18:02
478,"р. Тобол, в створе с. Коркино, превышение ПДК","1,5","0,5","0,5","0,5","0,5","1,5",0,0,0,0,0,2018-10-19,23.01.2019 15:10:34
270,"р. Тура, ниже г. Тюмени, превышение ПДК","0,5","1,5","0,5","1,5","0,5",0,0,0,0,0,0,2017-07-20,10.08.2017 14:52:41
272,"р. Тура, в створе с. Покровское, превышение ПДК","0,5","1,5","0,5","0,5","0,5",0,0,0,0,0,0,2017-05-22,10.08.2017 15:07:53
210,"р. Тобол, в створе с. Иевлево, превышение ПДК","1,5","1,5","0,5","0,5","0,5",0,0,0,0,0,0,2016-08-31,07.09.2016 16:44:33
67,"р. Ишим, ниже г. Ишима, ПДК","0,5","0,5","0,5","0,5","0,5",0,0,0,0,0,0,2015-07-20,11.08.2015 11:19:40
68,"р. Ишим, в створе с. Абатское, ПДК","0,5","0,5","0,5","0,5","0,5",0,0,0,0,0,0,2015-07-20,11.08.2015 11:20:25
229,"р. Тобол, в створе с. Коркино, превышение ПДК","1,5","1,5","0,5","0,5","0,5",0,0,0,0,0,0,2016-10-20,02.12.2016 12:08:11
282,"р. Ишим, выше г. Ишима, превышение ПДК","0,5","1,5","0,5","1,5","0,5",0,0,0,0,0,0,2017-01-20,10.08.2017 16:28:51
239,"р. Тобол, выше г. Ялуторовска, превышение ПДК","1,5","0,5","0,5","0,5","0,5",0,0,0,0,0,0,2016-11-18,17.01.2017 17:14:32
657,"р. Тобол, в створе с. Иевлево, превышение ПДК","1,5","1,5","0,5","0,5","1,5","1,5","1,5","1,5","0,5","1,5","1,5",2020-02-20,13.03.2020 10:33:06
465,"р. Тура, ниже г. Тюмени, превышение ПДК","0,5","1,5","0,5","0,5","0,5","1,5",0,0,0,0,0,2018-09-20,08.11.2018 12:15:18
469,"р. Тобол, в створе с. Коркино, превышение ПДК","0,5","1,5","0,5","0,5","0,5","1,5",0,0,0,0,0,2018-09-20,08.11.2018 12:18:07
254,"р. Тура, в створе с. Салаирка, превышение ПДК","0,5","1,5","0,5","1,5","1,5",0,0,0,0,0,0,2017-05-22,10.08.2017 14:19:17
260,"р. Тура, выше г. Тюмени, превышение ПДК","0,5","1,5","0,5","1,5","1,5",0,0,0,0,0,0,2017-04-20,10.08.2017 14:29:48
532,"р. Тура, ниже г. Тюмени, превышение ПДК","1,5","0,5","0,5","1,5","0,5","1,5",0,0,0,0,0,2019-03-20,24.05.2019 11:13:18
411,"р. Тобол, в створе с. Коркино, превышение ПДК","0,5","1,5","0,5","0,5","0,5","1,5",0,0,0,0,0,2018-04-20,25.06.2018 12:08:19
415,"р. Тура, в створе с. Салаирка, превышение ПДК","0,5","1,5","0,5","0,5","0,5","1,5",0,0,0,0,0,2018-05-21,13.07.2018 14:39:52
450,"р. Тобол, с. Иевлево, превышение ПДК","0,5","1,5","0,5","0,5","0,5","1,5",0,0,0,0,0,2018-07-20,04.09.2018 15:12:50
451,"р. Тура, в створе с. Салаирка, превышение ПДК","0,5","1,5","0,5","0,5","0,5","1,5",0,0,0,0,0,2018-08-20,08.11.2018 12:02:55
452,"р. Тура, выше г. Тюмени, превышение ПДК","0,5","1,5","0,5","0,5","0,5","1,5",0,0,0,0,0,2018-08-20,08.11.2018 12:03:49
661,"р. Ишим, в створе с. Ильинское, превышение ПДК","0,5","0,5","0,5","0,5","0,5","1,5","0,5","1,5","0,5","1,5","0,5",2020-03-20,21.04.2020 12:33:09
633,"р. Ишим, ниже г. Ишима, превышение ПДК","0,5","0,5","0,5","0,5","0,5","1,5","1,5","1,5","0,5","1,5","0,5",2019-12-20,29.01.2020 17:38:17
401,"р. Ишим, ниже г. Ишима, превышение ПДК","0,5","1,5","0,5","1,5","0,5",0,0,0,0,0,0,2018-03-20,25.04.2018 10:19:53
325,"р. Тура, в створе с. Салаирка, превышение ПДК","1,5","1,5","0,5","0,5","0,5",0,0,0,0,0,0,2017-08-21,07.09.2017 11:58:34
326,"р. Тура, выше г. Тюмени, превышение ПДК","1,5","1,5","0,5","0,5","0,5",0,0,0,0,0,0,2017-08-21,07.09.2017 11:59:01
327,"р. Тура, ниже г. Тюмени, превышение ПДК","1,5","1,5","0,5","0,5","0,5",0,0,0,0,0,0,2017-08-21,07.09.2017 11:59:23
375,"р. Тобол, в створе с. Иевлево, превышение ПДК","0,5","0,5","0,5","0,5","0,5",0,0,0,0,0,0,2017-10-20,12.01.2018 16:19:22
348,"р. Тура, ниже г. Тюмени, превышение ПДК","1,5","1,5","0,5","0,5","0,5",0,0,0,0,0,0,2017-12-20,11.01.2018 17:13:04
299,"р. Ишим, в створе с. Абатское, превышение ПДК","0,5","1,5","0,5","0,5","1,5",0,0,0,0,0,0,2017-07-20,10.08.2017 17:08:06
107,"р. Тура, выше г. Тюмени, ПДК","0,5","1,9","0,5","2,0","0,5",0,0,0,0,0,0,2015-11-20,10.12.2015 16:15:11
662,"р. Ишим, выше г. Ишима, превышение ПДК","0,5","0,5","0,5","0,5","0,5","1,5","0,5","1,5","0,5","1,5","0,5",2020-03-20,21.04.2020 12:35:36
663,"р. Ишим, ниже г. Ишима, превышение ПДК","0,5","0,5","0,5","0,5","0,5","1,5","0,5","1,5","0,5","1,5","0,5",2020-03-20,21.04.2020 12:36:18
631,"р. Ишим, в створе с. Ильинское, превышение ПДК","0,5","0,5","0,5","0,5","0,5","1,5","0,5","1,5","0,5","1,5","0,5",2019-12-20,29.01.2020 17:36:46
632,"р. Ишим, выше г. Ишима, превышение ПДК","0,5","0,5","0,5","0,5","0,5","1,5","0,5","1,5","0,5","1,5","0,5",2019-12-20,29.01.2020 17:37:29
305,"р. Тобол, в створе с. Коркино, превышение ПДК","0,5","1,5","0,5","0,5","0,5",0,0,0,0,0,0,2017-06-20,11.08.2017 11:26:51
311,"р. Тобол, выше г. Ялуторовска, превышение ПДК","0,5","1,5","0,5","0,5","0,5",0,0,0,0,0,0,2017-05-22,11.08.2017 11:30:51
312,"р. Тобол, выше г. Ялуторовска, превышение ПДК","0,5","1,5","0,5","0,5","0,5",0,0,0,0,0,0,2017-06-20,11.08.2017 11:31:15
318,"р. Тобол, ниже г. Ялуторовска, превышение ПДК","0,5","1,5","0,5","0,5","0,5",0,0,0,0,0,0,2017-05-22,11.08.2017 11:54:41
122,"р. Тобол, выше г. Ялуторовска, ПДК","2,9","1,7","0,5","2,0","0,5",0,0,0,0,0,0,2015-12-18,15.01.2016 13:35:58
123,"р. Тобол, ниже г. Ялуторовска, ПДК","2,9","1,5","0,5","2,0","3,6",0,0,0,0,0,0,2015-12-18,15.01.2016 13:36:46
501,"р. Ишим, в створе с. Ильинское, превышение ПДК","0,5","0,5","0,5","0,5","1,5","1,5",0,0,0,0,0,2019-01-21,18.03.2019 11:10:09
505,"р. Ишим, выше г. Ишима, превышение ПДК","0,5","0,5","0,5","0,5","1,5","1,5",0,0,0,0,0,2019-02-20,18.03.2019 11:12:16
240,"р. Тобол, ниже г. Ялуторовска, превышение ПДК","1,5","0,5","0,5","0,5","0,5",0,0,0,0,0,0,2016-11-18,17.01.2017 17:32:40
80,"р. Ишим, в створе с. Абатское, ПДК","0,5","0,5","0,5","0,5","0,5",0,0,0,0,0,0,2015-08-20,11.09.2015 10:30:53
509,"р. Ишим, в створе с. Абатское, превышение ПДК","0,5","1,5","0,5","0,5","1,5","1,5",0,0,0,0,0,2019-02-20,18.03.2019 11:19:23
597,"р. Тура, в створе с. Салаирка, превышение ПДК","0,5","1,5","0,5","0,5","1,5","1,5",0,0,0,0,0,2019-09-20,27.11.2019 17:25:20
599,"р. Тура, выше г. Тюмени, превышение ПДК","0,5","1,5","0,5","0,5","1,5","1,5",0,0,0,0,0,2019-09-20,27.11.2019 17:27:26
572,"р. Ишим, выше г. Ишима, превышение ПДК","0,5","0,5","0,5","0,5","1,5","1,5",0,0,0,0,0,2019-08-20,06.09.2019 13:14:38
412,"р. Тобол, выше г. Ялуторовска, превышение ПДК","1,5","1,5","0,5","0,5","1,5","1,5",0,0,0,0,0,2018-04-20,25.06.2018 12:09:02
413,"р. Тобол, ниже г. Ялуторовска, превышение ПДК","1,5","1,5","0,5","0,5","1,5","1,5",0,0,0,0,0,2018-04-20,25.06.2018 12:09:41
533,"р. Тура, ниже г. Тюмени, превышение ПДК","1,5","1,5","0,5","0,5","1,5","1,5",0,0,0,0,0,2019-04-19,24.05.2019 11:13:51
542,"р. Тобол, в створе с. Коркино, превышение ПДК","1,5","1,5","0,5","0,5","1,5","1,5",0,0,0,0,0,2019-03-20,24.05.2019 11:20:21
435,"р. Тобол, ниже г. Ялуторовска, превышение ПДК","1,5","0,5","0,5","0,5","1,5","1,5",0,0,0,0,0,2018-06-20,04.09.2018 15:10:53
436,"р. Тобол, выше г. Ялуторовска, превышение ПДК","1,5","0,5","0,5","0,5","1,5","1,5",0,0,0,0,0,2018-06-20,13.07.2018 15:01:01
88,"р. Ишим, в створе с. Ильинское, ПДК","0,5","0,5","0,5","0,5","0,5",0,0,0,0,0,0,2015-09-20,20.10.2015 14:03:10
90,"р. Ишим, ниже г. Ишима, ПДК","0,5","0,5","0,5","0,5","0,5",0,0,0,0,0,0,2015-09-20,20.10.2015 14:04:51
98,"р. Ишим, в створе с. Ильинское, ПДК","0,5","0,5","0,5","0,5","0,5",0,0,0,0,0,0,2015-10-20,10.11.2015 15:32:43
99,"р. Ишим, выше г. Ишима, ПДК","0,5","0,5","0,5","0,5","0,5",0,0,0,0,0,0,2015-10-20,10.11.2015 15:33:17
481,"р. Тура, в створе с. Салаирка, превышение ПДК","0,5","1,5","0,5","0,5","0,5","0,5",0,0,0,0,0,2018-11-19,23.01.2019 15:15:15
253,"р. Тура, в створе с. Салаирка, превышение ПДК","1,5","1,5","0,5","1,5","0,5",0,0,0,0,0,0,2017-04-20,10.08.2017 14:18:37
111,"р. Ишим, ниже г. Ишима, ПДК","0,5","0,5","0,5","0,5","0,5",0,0,0,0,0,0,2015-11-20,10.12.2015 16:20:06
112,"р. Тобол, в створе с. Коркино, ПДК","0,5","0,5","0,5","0,5","0,5",0,0,0,0,0,0,2015-11-20,10.12.2015 16:20:46
135,"р. Тура, ниже г. Тюмени, ПДК","0,5","0,5","0,5","0,5","0,5",0,0,0,0,0,0,2016-01-22,15.03.2016 17:10:11
223,"р. Тура, в створе с. Салаирка, превышение ПДК","0,5","0,5","0,5","0,5","0,5",0,0,0,0,0,0,2016-10-20,02.12.2016 10:33:05
224,"р. Тура, выше г. Тюмени, превышение ПДК","0,5","0,5","0,5","0,5","0,5",0,0,0,0,0,0,2016-10-20,02.12.2016 10:33:34
225,"р. Тура, ниже г. Тюмени, превышение ПДК","0,5","0,5","0,5","0,5","0,5",0,0,0,0,0,0,2016-10-20,02.12.2016 10:34:13
235,"р. Ишим, в створе с. Ильинское, превышение ПДК","0,5","0,5","0,5","0,5","0,5",0,0,0,0,0,0,2016-11-18,17.01.2017 17:10:22
356,"р. Ишим, выше г. Ишима, превышение ПДК","0,5","0,5","0,5","0,5","0,5",0,0,0,0,0,0,2017-11-20,12.01.2018 16:04:50
309,"р. Тобол, выше г. Ялуторовска, превышение ПДК","1,5","1,5","0,5","1,5","0,5",0,0,0,0,0,0,2017-03-20,11.08.2017 11:29:34
310,"р. Тобол, выше г. Ялуторовска, превышение ПДК","1,5","1,5","0,5","1,5","0,5",0,0,0,0,0,0,2017-04-20,11.08.2017 11:30:28
316,"р. Тобол, ниже г. Ялуторовска, превышение ПДК","1,5","1,5","0,5","1,5","0,5",0,0,0,0,0,0,2017-03-20,11.08.2017 11:53:44
267,"р. Тура, ниже г. Тюмени, превышение ПДК","0,5","1,5","0,5","1,5","1,5",0,0,0,0,0,0,2017-04-20,10.08.2017 14:48:04
43,"р. Ишим, ниже г. Ишима, ПДК","1,2","0,5","0,5","0,5","0,5",0,0,0,0,0,0,2015-05-20,15.06.2015 10:53:32
474,"р. Тура, ниже г. Тюмени, превышение ПДК","0,5","1,5","0,5","0,5","0,5","1,5",0,0,0,0,0,2018-10-19,23.01.2019 15:07:42
503,"р. Ишим, выше г. Ишима, превышение ПДК","0,5","1,5","0,5","0,5","0,5","1,5",0,0,0,0,0,2018-12-20,18.03.2019 11:11:18
482,"р. Тура, выше г. Тюмени, превышение ПДК","0,5","1,5","0,5","0,5","0,5","0,5",0,0,0,0,0,2018-11-19,23.01.2019 15:15:52
504,"р. Ишим, выше г. Ишима, превышение ПДК","0,5","1,5","0,5","0,5","0,5","1,5",0,0,0,0,0,2019-01-21,18.03.2019 11:11:46
507,"р. Ишим, ниже г. Ишима, превышение ПДК","0,5","1,5","0,5","0,5","0,5","1,5",0,0,0,0,0,2019-01-21,18.03.2019 11:13:25
493,"р. Тура, выше г. Тюмени, превышение ПДК","0,5","1,5","0,5","0,5","0,5","0,5",0,0,0,0,0,2018-12-20,18.03.2019 10:27:03
116,"р. Тура, выше г. Тюмени, ПДК","2,5","0,5","0,5","0,5","0,5",0,0,0,0,0,0,2015-12-18,15.01.2016 13:32:41
392,"р. Ишим, в створе с. Абатское, превышение ПДК","0,5","0,5","0,5","0,5","1,5",0,0,0,0,0,0,2018-02-20,29.03.2018 11:17:35
184,"р. Тобол, выше г. Ялуторовска, превышение ПДК","0,5","1,5","0,5","1,5","0,5",0,0,0,0,0,0,2016-06-17,11.07.2016 14:57:44
261,"р. Тура, выше г. Тюмени, превышение ПДК","0,5","1,5","0,5","1,5","1,5",0,0,0,0,0,0,2017-05-22,10.08.2017 14:30:21
262,"р. Тура, выше г. Тюмени, превышение ПДК","0,5","1,5","0,5","1,5","1,5",0,0,0,0,0,0,2017-06-20,10.08.2017 14:31:06
431,"р. Тобол, в створе с. Коркино, превышение ПДК","0,5","0,5","0,5","0,5","1,5","1,5",0,0,0,0,0,2018-05-21,13.07.2018 14:52:54
568,"р. Ишим, в створе с. Ильинское, превышение ПДК","0,5","0,5","0,5","0,5","1,5","1,5",0,0,0,0,0,2019-08-20,06.09.2019 13:11:59
120,"р. Ишим, ниже г. Ишима, ПДК","1,9","1,7","0,5","2,0","0,5",0,0,0,0,0,0,2015-12-18,15.01.2016 13:34:35
185,"р. Тобол, ниже г. Ялуторовска, превышение ПДК","0,5","1,5","0,5","1,5","0,5",0,0,0,0,0,0,2016-06-17,11.07.2016 14:58:39
263,"р. Тура, выше г. Тюмени, превышение ПДК","0,5","1,5","0,5","1,5","0,5",0,0,0,0,0,0,2017-07-20,10.08.2017 14:31:28
58,"р. Тобол, выше г. Ялуторовска, ПДК","0,5","0,5","0,5","3,0","0,5",0,0,0,0,0,0,2015-06-20,14.07.2015 09:39:50
230,"р. Тобол, выше г. Ялуторовска, превышение ПДК","1,5","0,5","0,5","1,5","0,5",0,0,0,0,0,0,2016-10-20,02.12.2016 12:08:50
231,"р. Тобол, ниже г. Ялуторовска, превышение ПДК","1,5","0,5","0,5","1,5","0,5",0,0,0,0,0,0,2016-10-20,02.12.2016 12:09:48
448,"р. Тобол, выше г. Ялуторовска, превышение ПДК","1,5","0,5","0,5","0,5","1,5","1,5",0,0,0,0,0,2018-07-20,04.09.2018 15:11:34
449,"р. Тобол, ниже г. Ялуторовска, превышение ПДК","1,5","0,5","0,5","0,5","1,5","1,5",0,0,0,0,0,2018-07-20,04.09.2018 15:12:18
196,"р. Тобол, выше г. Ялуторовска, превышение ПДК","0,5","1,5","0,5","0,5","1,5",0,0,0,0,0,0,2016-07-22,11.08.2016 16:34:17
197,"р. Тобол, ниже г. Ялуторовска, превышение ПДК","0,5","1,5","0,5","0,5","1,5",0,0,0,0,0,0,2016-07-22,11.08.2016 16:35:18
460,"р. Тобол, выше г. Ялуторовска, превышение ПДК","1,5","0,5","0,5","0,5","1,5","1,5",0,0,0,0,0,2018-08-20,08.11.2018 12:12:13
583,"р. Тобол, в створе с. Коркино, превышение ПДК","0,5","0,5","0,5","0,5","1,5","1,5",0,0,0,0,0,2019-07-19,06.09.2019 14:16:04
584,"р. Тобол, в створе с. Коркино, превышение ПДК","0,5","0,5","0,5","0,5","1,5","1,5",0,0,0,0,0,2019-08-20,06.09.2019 14:16:35
635,"р. Тобол, выше г. Ялуторовска, превышение ПДК","1,5","1,5","0,5","1,5","0,5","1,5","1,5","1,5","0,5","1,5","0,5",2019-12-20,29.01.2020 17:40:12
636,"р. Тобол, ниже г. Ялуторовска, превышение ПДК","1,5","1,5","0,5","1,5","0,5","1,5","1,5","1,5","0,5","1,5","0,5",2019-12-20,29.01.2020 17:41:06
320,"р. Тобол, ниже г. Ялуторовска, превышение ПДК","0,5","1,5","0,5","0,5","1,5",0,0,0,0,0,0,2017-07-20,11.08.2017 11:55:56
323,"р. Тобол, в створе с. Иевлево, превышение ПДК","0,5","1,5","0,5","0,5","1,5",0,0,0,0,0,0,2017-06-20,11.08.2017 11:58:39
324,"р. Тобол, в створе с. Иевлево, превышение ПДК","0,5","1,5","0,5","0,5","1,5",0,0,0,0,0,0,2017-07-20,11.08.2017 11:58:59
328,"р. Тура, в створе с. Покровское, превышение ПДК","0,5","1,5","0,5","0,5","1,5",0,0,0,0,0,0,2017-08-21,07.09.2017 12:00:16
330,"р. Ишим, выше г. Ишима, превышение ПДК","0,5","1,5","0,5","0,5","1,5",0,0,0,0,0,0,2017-08-21,07.09.2017 12:01:25
331,"р. Ишим, ниже г. Ишима, превышение ПДК","0,5","1,5","0,5","0,5","1,5",0,0,0,0,0,0,2017-08-21,07.09.2017 12:01:56
319,"р. Тобол, ниже г. Ялуторовска, превышение ПДК","0,5","1,5","0,5","0,5","0,5",0,0,0,0,0,0,2017-06-20,11.08.2017 11:55:27
22,"р. Ишим, в створе с. Ильинское, ПДК","2,7","0,5","0,5","3,0","0,5",0,0,0,0,0,0,2015-03-20,13.04.2015 10:15:18
23,"р. Ишим, выше г. Ишима, ПДК","2,7","0,5","0,5","3,0","0,5",0,0,0,0,0,0,2015-03-20,13.04.2015 10:16:12
26,"р. Тобол, выше г. Ялуторовска, ПДК","8,9","0,5","0,5","3,0","1,2",0,0,0,0,0,0,2015-03-20,13.04.2015 10:23:27
19,"р. Тура, в створе с. Салаирка, ПДК","8,5","0,5","0,5","0,5","1,4",0,0,0,0,0,0,2015-03-20,13.04.2015 10:11:14
525,"р. Тобол, в створе с. Коркино, превышение ПДК","1,5","1,5","0,5","0,5","1,5","1,5",0,0,0,0,0,2019-03-20,19.04.2019 16:13:30
547,"р. Тобол, ниже г. Ялуторовска, превышение ПДК","1,5","1,5","0,5","0,5","1,5","1,5",0,0,0,0,0,2019-04-19,24.05.2019 11:23:46
655,"р. Тобол, выше г. Ялуторовска, превышение ПДК","1,5","1,5", ,"1,5","1,5","1,5","1,5","1,5",0,"1,5",0,2020-02-20,13.03.2020 10:31:26
514,"р. Тобол, выше г. Ялуторовска, превышение ПДК","1,5","1,5","0,5","0,5","0,5","1,5",0,0,0,0,0,2019-01-21,18.03.2019 11:22:29
151,"р. Тура, в створе с. Салаирка, превышение ПДК","0,5","1,5","0,5","1,5","1,5",0,0,0,0,0,0,2016-04-22,23.05.2016 12:05:53
155,"р. Ишим, в створе с. Ильинское, превышение ПДК","0,5","1,5","0,5","1,5","0,5",0,0,0,0,0,0,2016-04-22,23.05.2016 12:34:19
157,"р. Ишим, ниже г. Ишима, превышение ПДК","0,5","1,5","0,5","1,5","0,5",0,0,0,0,0,0,2016-04-22,23.05.2016 12:36:34
9,"р. Тобол, ниже г. Ялуторовска, ПДК","4,6","0,5","0,5","0,5","0,5",0,0,0,0,0,0,2015-01-20,27.02.2015 15:24:52
15,"р. Ишим, ниже г. Ишима, ПДК","2,5","0,5","0,5","0,5","0,5",0,0,0,0,0,0,2015-02-20,19.03.2015 11:44:18
52,"р. Тура, в створе с. Покровское, ПДК","1,6","1,9","0,5","0,5","0,5",0,0,0,0,0,0,2015-06-20,14.07.2015 09:10:43
51,"р. Тура, ниже г. Тюмени, ПДК","1,1","2,2","0,5","0,5","5,0",0,0,0,0,0,0,2015-06-20,14.07.2015 09:11:05
27,"р. Тобол, ниже г. Ялуторовска, ПДК","3,2","0,5","0,5","2,0","2,0",0,0,0,0,0,0,2015-03-20,13.04.2015 10:26:11
159,"р. Тобол, в створе с. Коркино, превышение ПДК","1,5","1,5","0,5","1,5","1,5",0,0,0,0,0,0,2016-04-22,23.05.2016 12:40:13
162,"р. Тобол, в створе с. Иевлево, превышение ПДК","1,5","1,5","0,5","1,5","1,5",0,0,0,0,0,0,2016-04-22,23.05.2016 12:56:09
152,"р. Тура, выше г. Тюмени, превышение ПДК","1,5","1,5","0,5","1,5","0,5",0,0,0,0,0,0,2016-04-22,23.05.2016 12:10:13
153,"р. Тура, ниже г. Тюмени, превышение ПДК","1,5","1,5","0,5","1,5","0,5",0,0,0,0,0,0,2016-04-22,23.05.2016 12:11:19
154,"р. Тура, в створе с. Покровское, превышение ПДК","1,5","1,5","0,5","1,5","0,5",0,0,0,0,0,0,2016-04-22,23.05.2016 12:12:43
156,"р. Ишим, выше г. Ишима, превышение ПДК","1,5","1,5","0,5","1,5","0,5",0,0,0,0,0,0,2016-04-22,23.05.2016 12:35:38
166,"р. Тура, в створе с. Покровское, превышение ПДК","1,5","1,5","0,5","1,5","0,5",0,0,0,0,0,0,2016-05-20,08.06.2016 14:50:57
338,"р. Тура, в створе с. Салаирка, превышение ПДК","0,5","1,5","0,5","1,5","0,5",0,0,0,0,0,0,2017-09-20,11.01.2018 17:01:44
36,"р. Тобол, ниже г. Ялуторовска, ПДК","4,7","0,5","0,5","2,0","1,4",0,0,0,0,0,0,2015-04-20,15.05.2015 10:19:29
53,"р. Ишим, в створе с. Ильинское, ПДК","2,1","0,5","0,5","2,0","0,5",0,0,0,0,0,0,2015-06-20,14.07.2015 09:29:20
31,"р. Ишим, в створе с. Ильинское, ПДК","1,3","0,5","0,5","0,5","0,5",0,0,0,0,0,0,2015-04-20,15.05.2015 10:13:20
140,"р. Тобол, выше г. Ялуторовска, ПДК","1,9","0,5","0,5","2,0","2,4",0,0,0,0,0,0,2016-01-22,15.03.2016 17:13:58
32,"р. Ишим, выше г. Ишима, ПДК","1,1","0,5","0,5","0,5","1,2",0,0,0,0,0,0,2015-04-20,15.05.2015 10:14:40
35,"р. Тобол, выше г. Ялуторовска, ПДК","6,9","0,5","0,5","0,5","1,4",0,0,0,0,0,0,2015-04-20,15.05.2015 10:18:21
176,"р. Тура, выше г. Тюмени, превышение ПДК","1,5","1,5","0,5","1,5","1,5",0,0,0,0,0,0,2016-06-17,11.07.2016 14:48:09
177,"р. Тура, ниже г. Тюмени, превышение ПДК","1,5","1,5","0,5","1,5","1,5",0,0,0,0,0,0,2016-06-17,11.07.2016 14:48:53
179,"р. Ишим, в створе с. Ильинское, превышение ПДК","1,5","1,5","0,5","1,5","1,5",0,0,0,0,0,0,2016-06-17,11.07.2016 14:53:09
191,"р. Ишим, в створе с. Ильинское, превышение ПДК","1,5","1,5","0,5","1,5","1,5",0,0,0,0,0,0,2016-07-22,11.08.2016 12:41:32
346,"р. Тура, ниже г. Тюмени, превышение ПДК","0,5","1,5","0,5","1,5","1,5",0,0,0,0,0,0,2017-10-20,11.01.2018 17:10:33
183,"р. Тобол, в створе с. Коркино, превышение ПДК","1,5","1,5","0,5","0,5","1,5",0,0,0,0,0,0,2016-06-17,11.07.2016 14:56:58
358,"р. Ишим, ниже г. Ишима, превышение ПДК","0,5","1,5","0,5","0,5","1,5",0,0,0,0,0,0,2017-09-20,12.01.2018 16:06:05
175,"р. Тура, в створе с. Салаирка, превышение ПДК","1,5","1,5","0,5","1,5","0,5",0,0,0,0,0,0,2016-06-17,11.07.2016 14:47:22
186,"р. Тобол, в створе с. Иевлево, превышение ПДК","1,5","1,5","0,5","1,5","0,5",0,0,0,0,0,0,2016-06-17,11.07.2016 14:59:29
341,"р. Тура, выше г. Тюмени, превышение ПДК","0,5","1,5","0,5","1,5","0,5",0,0,0,0,0,0,2017-09-20,11.01.2018 17:04:18
102,"р. Тобол, в створе с. Коркино, ПДК","2,3","0,5","0,5","0,5","0,5",0,0,0,0,0,0,2015-10-20,10.11.2015 15:35:58
340,"р. Тура, в створе с. Салаирка, превышение ПДК","0,5","1,5","0,5","0,5","0,5",0,0,0,0,0,0,2017-11-20,11.01.2018 17:03:15
343,"р. Тура, выше г. Тюмени, превышение ПДК","0,5","1,5","0,5","0,5","0,5",0,0,0,0,0,0,2017-11-20,11.01.2018 17:06:33
117,"р. Тура, ниже г. Тюмени, ПДК","2,4","0,5","0,5","2,0","0,5",0,0,0,0,0,0,2015-12-18,15.01.2016 13:33:05
126,"р. Тура, ниже г. Тюмени, ПДК","2,7","0,5","0,5","3,0","0,5",0,0,0,0,0,0,2016-02-19,15.03.2016 16:41:03
125,"р. Тура, выше г. Тюмени, ПДК","1,7","0,5","0,5","2,0","1,8",0,0,0,0,0,0,2016-02-19,15.03.2016 16:40:31
347,"р. Тура, ниже г. Тюмени, превышение ПДК","0,5","1,5","0,5","0,5","0,5",0,0,0,0,0,0,2017-11-20,11.01.2018 17:11:14
103,"р. Тобол, выше г. Ялуторовска, ПДК","4,0","0,5","0,5","0,5","0,5",0,0,0,0,0,0,2015-10-20,10.11.2015 15:36:33
113,"р. Тобол, выше г. Ялуторовска, ПДК","1,3","0,5","0,5","0,5","0,5",0,0,0,0,0,0,2015-11-20,10.12.2015 16:21:37
132,"р. Тобол, ниже г. Ялуторовска, ПДК","3,1","0,5","0,5","2,0","7,6",0,0,0,0,0,0,2016-02-19,15.03.2016 16:44:55
144,"р. Тура, ниже г. Тюмени, ПДК","2,0","0,5","0,5","4,0","0,5",0,0,0,0,0,0,2016-03-18,15.04.2016 09:24:20
417,"р. Тура, ниже г. Тюмени, превышение ПДК","0,5","1,5","0,5","1,5","0,5",0,0,0,0,0,0,2018-05-21,13.07.2018 14:41:50
420,"р. Тура, в створе с. Салаирка, превышение ПДК","0,5","1,5","0,5","1,5","1,5","1,5",0,0,0,0,0,2018-06-20,13.07.2018 14:44:37
416,"р. Тура, выше г. Тюмени, превышение ПДК","0,5","1,5","0,5","1,5","0,5","1,5",0,0,0,0,0,2018-05-21,13.07.2018 14:41:11
180,"р. Ишим, выше г. Ишима, превышение ПДК","1,5","0,5","0,5","1,5","0,5",0,0,0,0,0,0,2016-06-17,11.07.2016 14:54:04
145,"р. Ишим, в створе с. Ильинское, ПДК","1,4","0,5","0,5","2,0","1,6",0,0,0,0,0,0,2016-03-18,15.04.2016 09:54:36
149,"р. Тобол, выше г. Ялуторовска, ПДК","2,2","0,5","0,5","3,0","3,2",0,0,0,0,0,0,2016-03-18,15.04.2016 09:58:28
181,"р. Ишим, ниже г. Ишима, превышение ПДК","1,5","0,5","0,5","1,5","0,5",0,0,0,0,0,0,2016-06-17,11.07.2016 14:55:06
200,"р. Тура, выше г. Тюмени, превышение ПДК","1,5","1,5","0,5","1,5","0,5",0,0,0,0,0,0,2016-08-31,07.09.2016 16:26:54
201,"р. Тура, ниже г. Тюмени, превышение ПДК","1,5","1,5","0,5","1,5","0,5",0,0,0,0,0,0,2016-08-31,07.09.2016 16:28:18
203,"р. Ишим, в створе с. Ильинское, превышение ПДК","1,5","0,5","0,5","1,5","0,5",0,0,0,0,0,0,2016-08-31,07.09.2016 16:30:12
150,"р. Тобол, ниже г. Ялуторовска, ПДК","2,2","0,5","0,5","2,0","4,0",0,0,0,0,0,0,2016-03-18,15.04.2016 09:59:23
587,"р. Тобол, выше г. Ялуторовска, превышение ПДК","0,5","0,5","0,5","0,5","1,5","1,5",0,0,0,0,0,2019-07-19,06.09.2019 14:20:01
595,"р. Тобол, в створе с. Иевлево, превышение ПДК","0,5","0,5","0,5","0,5","1,5","1,5",0,0,0,0,0,2019-07-19,06.09.2019 14:25:45
494,"р. Тура, выше г. Тюмени, превышение ПДК","1,5","1,5","0,5","0,5","1,5","1,5",0,0,0,0,0,2019-01-21,18.03.2019 10:27:47
497,"р. Тура, ниже г. Тюмени, превышение ПДК","1,5","1,5","0,5","0,5","1,5","1,5",0,0,0,0,0,2019-01-21,18.03.2019 10:31:26
498,"р. Тура, ниже г. Тюмени, превышение ПДК","1,5","1,5","0,5","0,5","1,5","1,5",0,0,0,0,0,2019-02-20,18.03.2019 10:54:31
601,"р. Тура, ниже г. Тюмени, превышение ПДК","1,5","1,5","0,5","0,5","1,5","1,5",0,0,0,0,0,2019-09-20,27.11.2019 17:29:14
603,"р. Тура, в створе с. Покровское, превышение ПДК","1,5","1,5","0,5","0,5","1,5","1,5",0,0,0,0,0,2019-10-21,27.11.2019 17:30:30
419,"р. Ишим, в створе с. Ильинское, превышение ПДК","0,5","0,5","0,5","0,5","1,5","1,5",0,0,0,0,0,2018-05-21,13.07.2018 14:43:18
423,"р. Тура, в створе с. Покровское, превышение ПДК","0,5","0,5","0,5","0,5","1,5","1,5",0,0,0,0,0,2018-06-20,13.07.2018 14:46:34
232,"р. Тура, в створе с. Салаирка, превышение ПДК","0,5","1,5","0,5","0,5","1,5",0,0,0,0,0,0,2016-11-18,17.01.2017 17:08:11
6,"р. Ишим, ниже г. Ишима, ПДК","1,3","0,5","0,5","2,0","0,5",0,0,0,0,0,0,2015-01-20,27.02.2015 15:21:22
257,"р. Тура, выше г. Тюмени, превышение ПДК","1,5","1,5","0,5","1,5","0,5",0,0,0,0,0,0,2017-01-20,10.08.2017 14:24:30
251,"р. Тура, в створе с. Салаирка, превышение ПДК","1,5","0,5","0,5","1,5","0,5",0,0,0,0,0,0,2017-02-20,10.08.2017 14:16:44
453,"р. Тура, ниже г. Тюмени, превышение ПДК","0,5","1,5","0,5","0,5","0,5","1,5",0,0,0,0,0,2018-08-20,08.11.2018 12:06:27
258,"р. Тура, выше г. Тюмени, превышение ПДК","1,5","1,5","0,5","1,5","0,5",0,0,0,0,0,0,2017-02-20,10.08.2017 14:28:19
259,"р. Тура, выше г. Тюмени, превышение ПДК","1,5","1,5","0,5","1,5","0,5",0,0,0,0,0,0,2017-03-20,10.08.2017 14:28:50
264,"р. Тура, ниже г. Тюмени, превышение ПДК","1,5","1,5","0,5","1,5","0,5",0,0,0,0,0,0,2017-01-20,10.08.2017 14:41:40
92,"р. Тобол, выше г. Ялуторовска, ПДК","0,5","0,5","0,5","1,0","0,5",0,0,0,0,0,0,2015-09-20,20.10.2015 14:07:43
106,"р. Тура, в створе с. Салаирка, ПДК","0,5","0,5","0,5","3,0","0,5",0,0,0,0,0,0,2015-11-20,10.12.2015 16:00:48
252,"р. Тура, в створе с. Салаирка, превышение ПДК","1,5","0,5","0,5","1,5","0,5",0,0,0,0,0,0,2017-03-20,10.08.2017 14:17:25
524,"р. Ишим, ниже г. Ишима, превышение ПДК","0,5","1,5","0,5","1,5","1,5","1,5",0,0,0,0,0,2019-03-20,19.04.2019 16:12:26
539,"р. Ишим, ниже г. Ишима, превышение ПДК","0,5","1,5","0,5","1,5","1,5","1,5",0,0,0,0,0,2019-03-20,24.05.2019 11:18:21
549,"р. Тура, в створе с. Салаирка, превышение ПДК","0,5","1,5","0,5","1,5","1,5","1,5",0,0,0,0,0,2019-05-20,06.09.2019 12:46:52
550,"р. Тура, в створе с. Салаирка, превышение ПДК","0,5","1,5","0,5","1,5","1,5","1,5",0,0,0,0,0,2019-06-20,06.09.2019 12:47:55
561,"р. Тура, в створе с. Покровское, превышение ПДК","0,5","1,5","0,5","1,5","1,5","1,5",0,0,0,0,0,2019-05-20,06.09.2019 12:57:08
558,"р. Тура, ниже г. Тюмени, превышение ПДК","0,5","1,5","0,5","0,5","0,5","1,5",0,0,0,0,0,2019-06-20,06.09.2019 12:54:41
362,"р. Ишим, в створе с. Абатское, превышение ПДК","0,5","0,5","0,5","1,5","1,5",0,0,0,0,0,0,2017-10-20,12.01.2018 16:10:46
226,"р. Ишим, в створе с. Ильинское, превышение ПДК","0,5","0,5","0,5","1,5","0,5",0,0,0,0,0,0,2016-10-20,02.12.2016 10:37:29
227,"р. Ишим, выше г. Ишима, превышение ПДК","0,5","0,5","0,5","1,5","0,5",0,0,0,0,0,0,2016-10-20,02.12.2016 10:38:13
228,"р. Ишим, ниже г. Ишима, превышение ПДК","0,5","0,5","0,5","1,5","0,5",0,0,0,0,0,0,2016-10-20,02.12.2016 10:38:40
133,"р. Тура, в створе с. Салаирка, ПДК","0,5","0,5","0,5","3,0","0,5",0,0,0,0,0,0,2016-01-22,15.03.2016 17:08:08
236,"р. Ишим, выше г. Ишима, превышение ПДК","0,5","0,5","0,5","1,5","0,5",0,0,0,0,0,0,2016-11-18,17.01.2017 17:11:09
237,"р. Ишим, ниже г. Ишима, превышение ПДК","0,5","0,5","0,5","1,5","0,5",0,0,0,0,0,0,2016-11-18,17.01.2017 17:11:39
357,"р. Ишим, выше г. Ишима, превышение ПДК","0,5","0,5","0,5","1,5","0,5",0,0,0,0,0,0,2017-12-20,12.01.2018 16:05:23
70,"р. Тобол, выше г. Ялуторовска, ПДК","0,5","1,9","0,5","0,5","0,5",0,0,0,0,0,0,2015-07-20,11.08.2015 12:31:19
646,"р. Тура, в створе с. Салаирка, превышение ПДК","1,5","1,5", ,"1,5","1,5","1,5","1,5","1,5",0,"1,5",0,2020-02-20,13.03.2020 10:09:02
332,"р. Ишим, в створе с. Абатское, превышение ПДК","1,5","1,5","0,5","1,5","1,5",0,0,0,0,0,0,2017-08-21,07.09.2017 12:02:35
334,"р. Тобол, выше г. Ялуторовска, превышение ПДК","1,5","1,5","0,5","1,5","1,5",0,0,0,0,0,0,2017-08-21,07.09.2017 12:03:46
368,"р. Тобол, выше г. Ялуторовска, превышение ПДК","0,5","0,5","0,5","1,5","1,5",0,0,0,0,0,0,2017-10-20,12.01.2018 16:14:54
389,"р. Ишим, в створе с. Ильинское, превышение ПДК","0,5","0,5","0,5","1,5","1,5",0,0,0,0,0,0,2018-02-20,29.03.2018 11:15:34
317,"р. Тобол, ниже г. Ялуторовска, превышение ПДК","1,5","1,5","0,5","1,5","0,5",0,0,0,0,0,0,2017-04-20,11.08.2017 11:54:09
321,"р. Тобол, в створе с. Иевлево, превышение ПДК","1,5","1,5","0,5","1,5","0,5",0,0,0,0,0,0,2017-04-20,11.08.2017 11:57:01
379,"р. Ишим, в створе с. Ильинское, превышение ПДК","0,5","0,5","0,5","1,5","0,5",0,0,0,0,0,0,2018-01-19,15.02.2018 11:18:46
380,"р. Ишим, выше г. Ишима, превышение ПДК","0,5","0,5","0,5","1,5","0,5",0,0,0,0,0,0,2018-01-19,15.02.2018 11:19:17
381,"р. Ишим, ниже г. Ишима, превышение ПДК","0,5","0,5","0,5","1,5","0,5",0,0,0,0,0,0,2018-01-19,15.02.2018 11:19:39
382,"р. Тобол, в створе с. Коркино, превышение ПДК","0,5","0,5","0,5","1,5","0,5",0,0,0,0,0,0,2018-01-19,15.02.2018 11:20:17
647,"р. Тура, выше г. Тюмени, превышение ПДК","1,5","1,5", ,"1,5","1,5","1,5","1,5","1,5",0,"1,5",0,2020-02-20,13.03.2020 10:09:40
648,"р. Тура, ниже г. Тюмени, превышение ПДК","1,5","1,5", ,"1,5","1,5","1,5","1,5","1,5",0,"1,5",0,2020-02-20,13.03.2020 10:10:16
374,"р. Тобол, ниже г. Ялуторовска, превышение ПДК","1,5","0,5","0,5","1,5","1,5",0,0,0,0,0,0,2017-12-20,12.01.2018 16:18:26
367,"р. Тобол, выше г. Ялуторовска, превышение ПДК","1,5","1,5","0,5","0,5","1,5",0,0,0,0,0,0,2017-09-20,12.01.2018 16:14:10
371,"р. Тобол, ниже г. Ялуторовска, превышение ПДК","1,5","1,5","0,5","0,5","1,5",0,0,0,0,0,0,2017-09-20,12.01.2018 16:16:40
618,"р. Тура, в створе с. Салаирка, превышение ПДК","0,5","1,5","0,5","1,5","1,5","1,5",0,0,0,0,0,2019-11-20,12.12.2019 09:53:54
428,"р. Ишим, ниже г. Ишима, превышение ПДК","0,5","0,5","0,5","1,5","1,5","1,5",0,0,0,0,0,2018-06-20,13.07.2018 14:50:00
430,"р. Ишим, в створе с. Абатское, превышение ПДК","0,5","0,5","0,5","1,5","1,5","1,5",0,0,0,0,0,2018-06-20,13.07.2018 14:51:56
593,"р. Тобол, в створе с. Иевлево, превышение ПДК","0,5","1,5","0,5","1,5","0,5","1,5",0,0,0,0,0,2019-05-20,06.09.2019 14:23:47
598,"р. Тура, в створе с. Салаирка, превышение ПДК","0,5","1,5","0,5","1,5","0,5","1,5",0,0,0,0,0,2019-10-21,27.11.2019 17:26:04
605,"р. Ишим, в створе с. Ильинское, превышение ПДК","0,5","1,5","0,5","1,5","0,5","1,5",0,0,0,0,0,2019-10-21,27.11.2019 17:31:56
609,"р. Ишим, ниже г. Ишима, превышение ПДК","0,5","1,5","0,5","1,5","0,5","1,5",0,0,0,0,0,2019-10-21,27.11.2019 17:38:18
619,"р. Тура, выше г. Тюмени, превышение ПДК","0,5","1,5","0,5","1,5","0,5","1,5",0,0,0,0,0,2019-11-20,12.12.2019 09:55:27
620,"р. Тура, ниже г. Тюмени, превышение ПДК","0,5","1,5","0,5","1,5","0,5","1,5",0,0,0,0,0,2019-11-20,12.12.2019 09:56:13
562,"р. Тура, в створе с. Покровское, превышение ПДК","0,5","1,5","0,5","0,5","0,5","1,5",0,0,0,0,0,2019-06-20,06.09.2019 12:57:49
596,"р. Тобол, в створе с. Иевлево, превышение ПДК","0,5","1,5","0,5","0,5","0,5","1,5",0,0,0,0,0,2019-08-20,06.09.2019 14:26:16
628,"р. Тура, в створе с. Салаирка, превышение ПДК","0,5","1,5","0,5","1,5","1,5","1,5","1,5","1,5","0,5","1,5","0,5",2019-12-20,29.01.2020 17:30:36
376,"р. Тура, в створе с. Салаирка, превышение ПДК","1,5","1,5","0,5","0,5","0,5",0,0,0,0,0,0,2018-01-19,15.02.2018 11:16:54
12,"р. Тура, ниже г. Тюмени, ПДК","0,5","1,6","0,5","3,0","0,5",0,0,0,0,0,0,2015-02-20,19.03.2015 11:40:20
143,"р. Тура, выше г. Тюмени, ПДК","0,5","0,5","0,5","3,0","2,2",0,0,0,0,0,0,2016-03-18,15.04.2016 09:23:32
377,"р. Тура, выше г. Тюмени, превышение ПДК","1,5","1,5","0,5","0,5","0,5",0,0,0,0,0,0,2018-01-19,15.02.2018 11:17:30
432,"р. Тобол, в створе с. Коркино, превышение ПДК","0,5","0,5","0,5","1,5","1,5","1,5",0,0,0,0,0,2018-06-20,04.09.2018 15:10:43
433,"р. Тобол, выше г. Ялуторовска, превышение ПДК","0,5","0,5","0,5","1,5","1,5","1,5",0,0,0,0,0,2018-05-21,13.07.2018 14:54:45
502,"р. Ишим, в створе с. Ильинское, превышение ПДК","0,5","0,5","0,5","1,5","1,5","1,5",0,0,0,0,0,2019-02-20,18.03.2019 11:10:38
559,"р. Тура, ниже г. Тюмени, превышение ПДК","0,5","0,5","0,5","1,5","1,5","1,5",0,0,0,0,0,2019-07-19,06.09.2019 12:55:18
437,"р. Тобол, с. Иевлево, превышение ПДК","0,5","0,5","0,5","0,5","1,5","1,5",0,0,0,0,0,2018-05-21,13.07.2018 15:01:45
383,"р. Тобол, выше г. Ялуторовска, превышение ПДК","1,5","1,5","0,5","1,5","1,5",0,0,0,0,0,0,2018-01-19,15.02.2018 11:21:02
384,"р. Тобол, ниже г. Ялуторовска, превышение ПДК","1,5","1,5","0,5","1,5","1,5",0,0,0,0,0,0,2018-01-19,15.02.2018 11:21:36
567,"р. Ишим, в створе с. Ильинское, превышение ПДК","0,5","0,5","0,5","1,5","0,5","1,5",0,0,0,0,0,2019-07-19,06.09.2019 13:11:27
396,"р. Тура, в створе с. Салаирка, превышение ПДК","1,5","1,5","0,5","0,5","1,5",0,0,0,0,0,0,2018-03-20,25.04.2018 10:15:08
397,"р. Тура, выше г. Тюмени, превышение ПДК","1,5","1,5","0,5","0,5","1,5",0,0,0,0,0,0,2018-03-20,25.04.2018 10:15:55
398,"р. Тура, ниже г. Тюмени, превышение ПДК","1,5","1,5","0,5","0,5","1,5",0,0,0,0,0,0,2018-03-20,25.04.2018 10:16:26
402,"р. Тобол, в створе с. Коркино, превышение ПДК","1,5","1,5","0,5","0,5","1,5",0,0,0,0,0,0,2018-03-20,25.04.2018 10:20:37
385,"р. Тура, в створе с. Салаирка, превышение ПДК","1,5","1,5","0,5","1,5","0,5",0,0,0,0,0,0,2018-02-20,29.03.2018 11:13:09
386,"р. Тура, выше г. Тюмени, превышение ПДК","1,5","1,5","0,5","1,5","0,5",0,0,0,0,0,0,2018-02-20,29.03.2018 11:13:47
387,"р. Тура, ниже г. Тюмени, превышение ПДК","1,5","1,5","0,5","1,5","0,5",0,0,0,0,0,0,2018-02-20,29.03.2018 11:14:17
406,"р. Тура, выше г. Тюмени, превышение ПДК","1,5","1,5","0,5","1,5","0,5",0,0,0,0,0,0,2018-04-20,25.06.2018 12:03:45
378,"р. Тура, ниже г. Тюмени, превышение ПДК","1,5","1,5","0,5","0,5","0,5",0,0,0,0,0,0,2018-01-19,15.02.2018 11:17:52
638,"р. Тура, выше г. Тюмени, превышение ПДК","0,5","1,5","0,5","1,5","0,5","1,5","1,5","1,5","0,5","1,5","0,5",2020-01-20,27.02.2020 10:45:50
629,"р. Тура, выше г. Тюмени, превышение ПДК","0,5","1,5","0,5","0,5","0,5","1,5","1,5","1,5","0,5","1,5","0,5",2019-12-20,29.01.2020 17:33:49
414,"р. Тобол, с. Иевлево, превышение ПДК","1,5","1,5","0,5","1,5","1,5","1,5",0,0,0,0,0,2018-04-20,25.06.2018 12:11:10
403,"р. Тобол, выше г. Ялуторовска, превышение ПДК","1,5","1,5","0,5","1,5","1,5",0,0,0,0,0,0,2018-03-20,25.04.2018 10:21:30
407,"р. Тура, ниже г. Тюмени, превышение ПДК","1,5","1,5","0,5","1,5","0,5",0,0,0,0,0,0,2018-04-20,25.06.2018 12:04:27
664,"р. Тобол, в створе с. Коркино, превышение ПДК","0,5","1,5","0,5","1,5","1,5","1,5","0,5","1,5","0,5","1,5","0,5",2020-03-20,21.04.2020 12:37:19
637,"р. Тура, в створе с. Салаирка, превышение ПДК","0,5","1,5","0,5","1,5","1,5","1,5","1,5","1,5","0,5","1,5","0,5",2020-01-20,27.02.2020 10:43:21
644,"р. Тобол, выше г. Ялуторовска, превышение ПДК","0,5","1,5","0,5","1,5","1,5","1,5","1,5","1,5","0,5","1,5","1,5",2020-01-20,27.02.2020 10:51:33
645,"р. Тобол, ниже г. Ялуторовска, превышение ПДК","0,5","1,5","0,5","1,5","1,5","1,5","1,5","1,5","0,5","1,5","1,5",2020-01-20,27.02.2020 10:52:33
639,"р. Тура, ниже г. Тюмени, превышение ПДК","0,5","1,5","0,5","1,5","0,5","1,5","1,5","1,5","0,5","1,5","1,5",2020-01-20,27.02.2020 10:46:56
654,"р. Тобол, в створе с. Коркино, превышение ПДК","1,5","1,5","0,5","1,5","1,5","1,5","0,5","0,5","0,5","1,5","1,5",2020-02-20,13.03.2020 10:30:26
434,"р. Тобол, ниже г. Ялуторовска, превышение ПДК","1,5","0,5","0,5","1,5","1,5","1,5",0,0,0,0,0,2018-05-21,13.07.2018 14:57:30
294,"р. Ишим, ниже г. Ишима, превышение ПДК","0,5","0,5","0,5","1,5","1,5",0,0,0,0,0,0,2017-06-20,10.08.2017 17:04:03
588,"р. Тобол, выше г. Ялуторовска, превышение ПДК","0,5","0,5","0,5","1,5","1,5","1,5",0,0,0,0,0,2019-08-20,06.09.2019 14:20:30
581,"р. Тобол, в створе с. Коркино, превышение ПДК","0,5","0,5","0,5","1,5","0,5","1,5",0,0,0,0,0,2019-05-20,06.09.2019 14:15:12
656,"р. Тобол, ниже г. Ялуторовска, превышение ПДК","1,5","1,5","0,5","1,5","1,5","1,5","1,5","1,5","0,5","1,5","0,5",2020-02-20,13.03.2020 10:32:06
658,"р. Тура, в створе с. Салаирка, превышение ПДК","1,5","1,5","0,5","1,5","1,5","1,5","1,5","1,5","0,5","1,5","0,5",2020-03-20,21.04.2020 12:30:13
621,"р. Ишим, в створе с. Ильинское, превышение ПДК","0,5","0,5","0,5","1,5","0,5","0,5",0,0,0,0,0,2019-11-20,12.12.2019 09:57:59
592,"р. Тобол, ниже г. Ялуторовска, превышение ПДК","0,5","0,5","0,5","1,5","1,5","1,5",0,0,0,0,0,2019-08-20,06.09.2019 14:22:51
492,"р. Тура, в створе с. Салаирка, превышение ПДК","1,5","1,5","0,5","1,5","1,5","1,5",0,0,0,0,0,2019-02-20,18.03.2019 10:26:09
72,"р. Тобол, в створе с. Иевлево, ПДК","0,5","2,1","0,5",2,"0,5",0,0,0,0,0,0,2015-07-20,11.08.2015 12:33:11
37,"р. Тура, в створе с. Салаирка, ПДК","0,5","0,5","0,5","3,0","1,2",0,0,0,0,0,0,2015-05-20,15.06.2015 10:46:59
495,"р. Тура, выше г. Тюмени, превышение ПДК","1,5","1,5","0,5","1,5","1,5","1,5",0,0,0,0,0,2019-02-20,18.03.2019 10:28:27
591,"р. Тобол, ниже г. Ялуторовска, превышение ПДК","0,5","0,5","0,5","0,5","1,5","1,5",0,0,0,0,0,2019-07-19,06.09.2019 14:22:21
625,"р. Тобол, выше г. Ялуторовска, превышение ПДК","0,5","0,5","0,5","1,5","0,5","1,5",0,0,0,0,0,2019-11-20,12.12.2019 10:02:30
626,"р. Тобол, ниже г. Ялуторовска, превышение ПДК","0,5","0,5","0,5","1,5","0,5","1,5",0,0,0,0,0,2019-11-20,12.12.2019 10:03:10
491,"р. Тура, в створе с. Салаирка, превышение ПДК","1,5","1,5","0,5","1,5","0,5","1,5",0,0,0,0,0,2019-01-21,18.03.2019 10:25:22
515,"р. Тобол, выше г. Ялуторовска, превышение ПДК","1,5","0,5","0,5","1,5","1,5","1,5",0,0,0,0,0,2019-02-20,18.03.2019 11:23:02
518,"р. Тобол, ниже г. Ялуторовска, превышение ПДК","1,5","0,5","0,5","1,5","1,5","1,5",0,0,0,0,0,2019-02-20,18.03.2019 11:24:47
519,"р. Тура, в створе с. Салаирка, превышение ПДК","1,5","1,5","0,5","1,5","1,5","1,5",0,0,0,0,0,2019-03-20,19.04.2019 16:07:21
520,"р. Тура, выше г. Тюмени, превышение ПДК","1,5","1,5","0,5","1,5","1,5","1,5",0,0,0,0,0,2019-03-20,19.04.2019 16:09:52
526,"р. Тобол, выше г. Ялуторовска, превышение ПДК","1,5","1,5","0,5","1,5","1,5","1,5",0,0,0,0,0,2019-03-20,19.04.2019 16:15:31
527,"р. Тобол, ниже г. Ялуторовска, превышение ПДК","1,5","1,5","0,5","1,5","1,5","1,5",0,0,0,0,0,2019-03-20,19.04.2019 16:15:59
528,"р. Тура, в створе с. Салаирка, превышение ПДК","1,5","1,5","0,5","1,5","1,5","1,5",0,0,0,0,0,2019-03-20,24.05.2019 11:14:12
529,"р. Тура, в створе с. Салаирка, превышение ПДК","1,5","1,5","0,5","1,5","1,5","1,5",0,0,0,0,0,2019-04-19,24.05.2019 11:13:59
544,"р. Тобол, выше г. Ялуторовска, превышение ПДК","1,5","1,5","0,5","1,5","1,5","1,5",0,0,0,0,0,2019-03-20,24.05.2019 11:21:39
545,"р. Тобол, выше г. Ялуторовска, превышение ПДК","1,5","1,5","0,5","1,5","1,5","1,5",0,0,0,0,0,2019-04-19,24.05.2019 11:22:23
546,"р. Тобол, ниже г. Ялуторовска, превышение ПДК","1,5","1,5","0,5","1,5","1,5","1,5",0,0,0,0,0,2019-03-20,24.05.2019 11:23:03
560,"р. Тура, ниже г. Тюмени, превышение ПДК","1,5","1,5","0,5","1,5","1,5","1,5",0,0,0,0,0,2019-08-20,06.09.2019 12:56:02
521,"р. Тура, ниже г. Тюмени, превышение ПДК","1,5","0,5","0,5","1,5","0,5","1,5",0,0,0,0,0,2019-03-20,19.04.2019 16:10:32
602,"р. Тура, ниже г. Тюмени, превышение ПДК","1,5","1,5","0,5","1,5","0,5","1,5",0,0,0,0,0,2019-10-21,27.11.2019 17:29:44
65,"р. Ишим, в створе с. Ильинское, ПДК","0,5","0,5","0,5","0,5","0,5",0,0,0,0,0,0,2015-07-20,11.08.2015 11:18:21
64,"р. Тура, в створе с. Покровское, ПДК","0,5","1,5","0,5","0,5","0,5",0,0,0,0,0,0,2015-07-20,11.08.2015 11:16:35
77,"р. Ишим, в створе с. Ильинское, ПДК","0,5","0,5","0,5","0,5","0,5",0,0,0,0,0,0,2015-08-20,11.09.2015 10:27:49
78,"р. Ишим, выше г. Ишима, ПДК","0,5","0,5","0,5","0,5","0,5",0,0,0,0,0,0,2015-08-20,11.09.2015 10:28:54
79,"р. Ишим, ниже г. Ишима, ПДК","0,5","0,5","0,5","0,5","0,5",0,0,0,0,0,0,2015-08-20,11.09.2015 10:29:06
74,"р. Тура, выше г. Тюмени, ПДК","0,5","1,8","0,5","0,5","0,5",0,0,0,0,0,0,2015-08-20,11.09.2015 09:51:39
75,"р. Тура, ниже г. Тюмени, ПДК","0,5","2,4","0,5","0,5","0,5",0,0,0,0,0,0,2015-08-20,11.09.2015 09:52:32
73,"р. Тура, в створе с. Салаирка, ПДК","0,5","2,3","0,5","3,0","0,5",0,0,0,0,0,0,2015-08-20,11.09.2015 09:50:45
20,"р. Тура, выше г. Тюмени, ПДК","0,5","1,6","0,5","3,0","0,5",0,0,0,0,0,0,2015-03-20,13.04.2015 10:12:38
86,"р. Тура, выше г. Тюмени, ПДК","0,5","2,65","0,5","2,0","0,5",0,0,0,0,0,0,2015-09-20,20.10.2015 14:01:21
87,"р. Тура, ниже г. Тюмени, ПДК","0,5","2,65","0,5","1,0","0,5",0,0,0,0,0,0,2015-09-20,20.10.2015 14:02:16
76,"р. Тура, в створе с. Покровское, ПДК","0,5","2,5","0,5","0,5","0,5",0,0,0,0,0,0,2015-08-20,11.09.2015 09:56:50
84,"р. Тобол, в створе с. Иевлево, ПДК","0,5","3,8","0,5","0,5","0,5",0,0,0,0,0,0,2015-08-20,11.09.2015 10:34:45
643,"р. Тобол, в створе с. Коркино, превышение ПДК","1,5","1,5","0,5","0,5","1,5","1,5","0,5","1,5","0,5","1,5","0,5",2020-01-20,27.02.2020 10:50:37
634,"р. Тобол, в створе с. Коркино, превышение ПДК","1,5","0,5","0,5","1,5","0,5","1,5","0,5","1,5","0,5","1,5","0,5",2019-12-20,29.01.2020 17:39:16
652,"р. Ишим, ниже г. Ишима, превышение ПДК","1,5","0,5","0,5","1,5","0,5","1,5","0,5","1,5","0,5","1,5","0,5",2020-02-20,13.03.2020 10:26:27
649,"р. Тура, в створе с. Покровское, превышение ПДК","1,5","1,5","0,5","0,5","1,5","1,5","1,5","1,5","0,5","1,5","0,5",2020-02-20,13.03.2020 10:15:20
163,"р. Тура, в створе с. Салаирка, превышение ПДК","0,5","0,5","0,5","1,5","1,5",0,0,0,0,0,0,2016-05-20,08.06.2016 14:46:38
192,"р. Ишим, выше г. Ишима, превышение ПДК","0,5","0,5","0,5","1,5","1,5",0,0,0,0,0,0,2016-07-22,11.08.2016 12:42:17
171,"р. Тобол, в створе с. Коркино, превышение ПДК","0,5","0,5","0,5","0,5","1,5",0,0,0,0,0,0,2016-05-20,08.06.2016 14:57:41
167,"р. Ишим, в створе с. Ильинское, превышение ПДК","0,5","0,5","0,5","1,5","0,5",0,0,0,0,0,0,2016-05-20,08.06.2016 14:53:21
169,"р. Ишим, ниже г. Ишима, превышение ПДК","0,5","0,5","0,5","1,5","0,5",0,0,0,0,0,0,2016-05-20,08.06.2016 14:56:16
170,"р. Ишим, в створе с. Абатское, превышение ПДК","0,5","0,5","0,5","1,5","0,5",0,0,0,0,0,0,2016-05-20,08.06.2016 14:57:00
172,"р. Тобол, выше г. Ялуторовска, превышение ПДК","0,5","0,5","0,5","1,5","0,5",0,0,0,0,0,0,2016-05-20,08.06.2016 14:58:56
173,"р. Тобол, ниже г. Ялуторовска, превышение ПДК","0,5","0,5","0,5","1,5","0,5",0,0,0,0,0,0,2016-05-20,08.06.2016 14:59:38
96,"р. Тура, выше г. Тюмени, ПДК","0,5","3,7","0,5","0,5","0,5",0,0,0,0,0,0,2015-10-20,10.11.2015 15:31:38
97,"р. Тура, ниже г. Тюмени, ПДК","0,5","1,3","0,5","0,5","0,5",0,0,0,0,0,0,2015-10-20,10.11.2015 15:32:13
104,"р. Тобол, ниже г. Ялуторовска, ПДК","0,5","1,6","0,5","0,5","0,5",0,0,0,0,0,0,2015-10-20,10.11.2015 15:37:15
108,"р. Тура, ниже г. Тюмени, ПДК","0,5","1,9","0,5","2,0","0,5",0,0,0,0,0,0,2015-11-20,10.12.2015 16:16:06
93,"р. Тобол, ниже г. Ялуторовска, ПДК","0,5","1,4","0,5","0,5","48,2",0,0,0,0,0,0,2015-08-20,20.10.2015 14:08:00
95,"р. Тура, в створе с. Салаирка, ПДК","0,5","1,5","0,5","0,5","1,4",0,0,0,0,0,0,2015-10-20,10.11.2015 15:30:49
115,"р. Тура, в створе с. Салаирка, ПДК","0,5","3,4","0,5","2,0","2,2",0,0,0,0,0,0,2015-12-18,15.01.2016 13:26:17
146,"р. Ишим, выше г. Ишима, ПДК","0,5","0,5","0,5","2,0","2,0",0,0,0,0,0,0,2016-03-18,15.04.2016 09:55:13
142,"р. Тура, в створе с. Салаирка, ПДК","0,5","0,5","0,5","4,0","1,2",0,0,0,0,0,0,2016-03-18,15.04.2016 09:22:39
118,"р. Ишим, в створе с. Ильинское, ПДК","0,5","1,4","0,5","2,0","0,5",0,0,0,0,0,0,2015-12-18,15.01.2016 13:33:35
128,"р. Ишим, выше г. Ишима, ПДК","0,5","0,5","0,5","0,5","1,4",0,0,0,0,0,0,2016-02-19,15.03.2016 16:42:00
148,"р. Тобол, в створе с. Коркино, ПДК","0,5","1,6","0,5","0,5","2,8",0,0,0,0,0,0,2016-03-18,15.04.2016 09:56:47
137,"р. Ишим, выше г. Ишима, ПДК","0,5","0,5","0,5","0,5","1,8",0,0,0,0,0,0,2016-01-22,15.03.2016 17:11:43
147,"р. Ишим, ниже г. Ишима, ПДК","0,5","0,5","0,5","0,5","2,2",0,0,0,0,0,0,2016-03-18,15.04.2016 09:55:56
119,"р. Ишим, выше г. Ишима, ПДК","0,5","1,6","0,5","2,0","0,5",0,0,0,0,0,0,2015-12-18,15.01.2016 13:34:01
139,"р. Тобол, в створе с. Коркино, ПДК","0,5","0,5","0,5","2,0","0,5",0,0,0,0,0,0,2016-01-22,15.03.2016 17:13:05
105,"р. Тобол, в створе с. Иевлево, ПДК","0,5","1,9","0,5","0,5","0,5",0,0,0,0,0,0,2015-10-20,10.11.2015 15:38:40
138,"р. Ишим, ниже г. Ишима, ПДК","0,5","0,5","0,5","0,5","0,5",0,0,0,0,0,0,2016-01-22,15.03.2016 17:12:21
279,"р. Ишим, в створе с. Ильинское, превышение ПДК","0,5","0,5","0,5","1,5","1,5",0,0,0,0,0,0,2017-05-22,10.08.2017 15:24:47
194,"р. Ишим, в створе с. Абатское, превышение ПДК","0,5","0,5","0,5","0,5","1,5",0,0,0,0,0,0,2016-07-22,11.08.2016 12:43:37
199,"р. Тура, в створе с. Салаирка, превышение ПДК","0,5","1,5","0,5","1,5","1,5",0,0,0,0,0,0,2016-08-31,07.09.2016 16:25:42
204,"р. Ишим, выше г. Ишима, превышение ПДК","0,5","0,5","0,5","0,5","1,5",0,0,0,0,0,0,2016-08-31,07.09.2016 16:31:11
205,"р. Ишим, ниже г. Ишима, превышение ПДК","0,5","0,5","0,5","0,5","1,5",0,0,0,0,0,0,2016-08-31,07.09.2016 16:32:04
275,"р. Ишим, в створе с. Ильинское, превышение ПДК","0,5","0,5","0,5","1,5","0,5",0,0,0,0,0,0,2017-01-20,10.08.2017 15:12:20
276,"р. Ишим, в створе с. Ильинское, превышение ПДК","0,5","0,5","0,5","1,5","0,5",0,0,0,0,0,0,2017-02-20,10.08.2017 15:12:54
277,"р. Ишим, в створе с. Ильинское, превышение ПДК","0,5","0,5","0,5","1,5","0,5",0,0,0,0,0,0,2017-03-20,10.08.2017 15:23:57
283,"р. Ишим, выше г. Ишима, превышение ПДК","0,5","0,5","0,5","1,5","0,5",0,0,0,0,0,0,2017-02-20,10.08.2017 16:29:16
284,"р. Ишим, выше г. Ишима, превышение ПДК","0,5","0,5","0,5","1,5","0,5",0,0,0,0,0,0,2017-03-20,10.08.2017 16:29:40
290,"р. Ишим, ниже г. Ишима, превышение ПДК","0,5","0,5","0,5","1,5","0,5",0,0,0,0,0,0,2017-02-20,10.08.2017 17:01:21
291,"р. Ишим, ниже г. Ишима, превышение ПДК","0,5","0,5","0,5","1,5","0,5",0,0,0,0,0,0,2017-03-20,10.08.2017 17:02:51
212,"р. Тура, выше г. Тюмени, превышение ПДК","0,5","0,5","0,5","1,5","0,5",0,0,0,0,0,0,2016-09-30,17.10.2016 14:28:02
213,"р. Тура, ниже г. Тюмени, превышение ПДК","0,5","0,5","0,5","1,5","0,5",0,0,0,0,0,0,2016-09-30,17.10.2016 14:29:53
219,"р. Тобол, в створе с. Коркино, превышение ПДК","0,5","0,5","0,5","1,5","0,5",0,0,0,0,0,0,2016-09-30,17.10.2016 14:38:03
214,"р. Тура, в створе с. Покровское, превышение ПДК","0,5","0,5","0,5","0,5","0,5",0,0,0,0,0,0,2016-09-30,17.10.2016 14:30:42
342,"р. Тура, выше г. Тюмени, превышение ПДК","0,5","0,5","0,5","1,5","1,5",0,0,0,0,0,0,2017-10-20,11.01.2018 17:04:51
352,"р. Ишим, в створе с. Ильинское, превышение ПДК","0,5","0,5","0,5","1,5","1,5",0,0,0,0,0,0,2017-11-20,12.01.2018 16:02:43
339,"р. Тура, в створе с. Салаирка, превышение ПДК","0,5","0,5","0,5","1,5","0,5",0,0,0,0,0,0,2017-10-20,11.01.2018 17:02:40
353,"р. Ишим, в створе с. Ильинское, превышение ПДК","0,5","0,5","0,5","1,5","0,5",0,0,0,0,0,0,2017-12-20,12.01.2018 16:03:11
523,"р. Ишим, выше г. Ишима, превышение ПДК","0,5","0,5","0,5","1,5","1,5","1,5",0,0,0,0,0,2019-03-20,19.04.2019 16:11:41
537,"р. Ишим, выше г. Ишима, превышение ПДК","0,5","0,5","0,5","1,5","1,5","1,5",0,0,0,0,0,2019-03-20,24.05.2019 11:17:06
467,"р. Ишим, выше г. Ишима, превышение ПДК","0,5","0,5","0,5","0,5","0,5","1,5",0,0,0,0,0,2018-09-20,08.11.2018 12:16:51
484,"р. Ишим, в створе с. Ильинское, превышение ПДК","0,5","0,5","0,5","1,5","1,5","0,5",0,0,0,0,0,2018-11-19,23.01.2019 15:21:40
485,"р. Ишим, выше г. Ишима, превышение ПДК","0,5","0,5","0,5","1,5","1,5","0,5",0,0,0,0,0,2018-11-19,23.01.2019 15:23:55
472,"р. Тура, в створе с. Салаирка, превышение ПДК","0,5","0,5","0,5","0,5","0,5","1,5",0,0,0,0,0,2018-10-19,23.01.2019 15:06:24
462,"р. Тобол, с. Иевлево, превышение ПДК","0,5","0,5","0,5","0,5","0,5","0,5",0,0,0,0,0,2018-08-20,08.11.2018 12:13:24
466,"р. Ишим, в створе с. Ильинское, превышение ПДК","0,5","0,5","0,5","0,5","0,5","0,5",0,0,0,0,0,2018-09-20,08.11.2018 12:15:56
475,"р. Ишим, в створе с. Ильинское, превышение ПДК","0,5","0,5","0,5","0,5","0,5","0,5",0,0,0,0,0,2018-10-19,23.01.2019 15:08:38
473,"р. Тура, выше г. Тюмени, превышение ПДК","0,5","0,5","0,5","0,5","0,5","1,5",0,0,0,0,0,2018-10-19,23.01.2019 15:07:08
476,"р. Ишим, выше г. Ишима, превышение ПДК","0,5","0,5","0,5","0,5","0,5","1,5",0,0,0,0,0,2018-10-19,23.01.2019 15:09:13
477,"р. Ишим, ниже г. Ишима, превышение ПДК","0,5","0,5","0,5","0,5","0,5","1,5",0,0,0,0,0,2018-10-19,23.01.2019 15:09:41
479,"р. Тобол, выше г. Ялуторовска, превышение ПДК","0,5","0,5","0,5","0,5","0,5","1,5",0,0,0,0,0,2018-10-19,23.01.2019 15:11:21
480,"р. Тобол, ниже г. Ялуторовска, превышение ПДК","0,5","0,5","0,5","0,5","0,5","1,5",0,0,0,0,0,2018-10-19,23.01.2019 15:11:55
551,"р. Тура, в створе с. Салаирка, превышение ПДК","0,5","0,5","0,5","1,5","1,5","1,5",0,0,0,0,0,2019-07-19,06.09.2019 12:48:43
553,"р. Тура, выше г. Тюмени, превышение ПДК","0,5","0,5","0,5","1,5","1,5","1,5",0,0,0,0,0,2019-05-20,06.09.2019 12:51:11
557,"р. Тура, ниже г. Тюмени, превышение ПДК","0,5","0,5","0,5","1,5","1,5","1,5",0,0,0,0,0,2019-05-20,06.09.2019 12:54:09
607,"р. Ишим, выше г. Ишима, превышение ПДК","0,5","0,5","0,5","1,5","1,5","1,5",0,0,0,0,0,2019-10-21,27.11.2019 17:37:15
608,"р. Ишим, ниже г. Ишима, превышение ПДК","0,5","0,5","0,5","1,5","1,5","1,5",0,0,0,0,0,2019-09-20,27.11.2019 17:37:51
615,"р. Тобол, ниже г. Ялуторовска, превышение ПДК","0,5","0,5","0,5","1,5","1,5","1,5",0,0,0,0,0,2019-09-20,27.11.2019 17:41:48
541,"р. Ишим, в створе с. Абатское, превышение ПДК","0,5","0,5","0,5","0,5","1,5","1,5",0,0,0,0,0,2019-04-19,24.05.2019 11:19:38
571,"р. Ишим, выше г. Ишима, превышение ПДК","0,5","0,5","0,5","1,5","0,5","1,5",0,0,0,0,0,2019-07-19,06.09.2019 13:14:12
610,"р. Ишим, в створе с. Абатское, превышение ПДК","0,5","0,5","0,5","1,5","0,5","1,5",0,0,0,0,0,2019-10-21,27.11.2019 17:39:02
543,"р. Тобол, в створе с. Коркино, превышение ПДК","0,5","0,5","0,5","0,5","0,5","1,5",0,0,0,0,0,2019-04-19,24.05.2019 11:20:55
569,"р. Ишим, выше г. Ишима, превышение ПДК","0,5","0,5","0,5","0,5","0,5","1,5",0,0,0,0,0,2019-05-20,06.09.2019 13:13:04
640,"р. Ишим, в створе с. Ильинское, превышение ПДК","0,5","0,5","0,5","1,5","0,5","0,5","0,5","1,5","0,5","1,5","0,5",2020-01-20,27.02.2020 10:48:07
641,"р. Ишим, выше г. Ишима, превышение ПДК","0,5","0,5","0,5","1,5","0,5","0,5","0,5","1,5","0,5","1,5","0,5",2020-01-20,27.02.2020 10:48:55
50,"р. Тура, выше г. Тюмени, ПДК","0,5","2,1","0,5","2,0","5,4",0,0,0,0,0,0,2015-06-20,14.07.2015 09:07:35
40,"р. Тура, в створе с. Покровское, ПДК","0,5","1,6","0,5","0,5","2,6",0,0,0,0,0,0,2015-05-20,15.06.2015 10:51:13
2,"р. Тура, выше г. Тюмени, ПДК","0,5","1,5","0,5","4,0","0,5",0,0,0,0,0,0,2015-01-20,27.02.2015 15:15:08
48,"р. Тобол, в створе с. Иевлево, ПДК","0,5","0,5","0,5","0,5","21,4",0,0,0,0,0,0,2015-05-20,15.06.2015 10:59:18
11,"р. Тура, выше г. Тюмени, ПДК","0,5","1,6","0,5","3,0","0,5",0,0,0,0,0,0,2015-02-20,19.03.2015 11:39:21
14,"р. Ишим, выше г. Ишима, ПДК","0,5","0,5","0,5","0,5","0,5",0,0,0,0,0,0,2015-02-20,19.03.2015 11:43:11
62,"р. Тура, выше г. Тюмени, ПДК","0,5","2,3","0,5",2,"1,8",0,0,0,0,0,0,2015-07-20,11.08.2015 11:14:32
3,"р. Тура, ниже г. Тюмени, ПДК","0,5","2,1","0,5","0,5","0,5",0,0,0,0,0,0,2015-01-20,27.02.2015 15:14:32
45,"р. Тобол, в створе с. Коркино, ПДК","0,5","1,5","0,5","0,5","0,5",0,0,0,0,0,0,2015-05-20,15.06.2015 10:55:38
57,"р. Тобол, в створе с. Коркино, ПДК","0,5","1,6","0,5","0,5","0,5",0,0,0,0,0,0,2015-06-20,14.07.2015 09:38:57
63,"р. Тура, ниже г. Тюмени, ПДК","0,5","2,3","0,5","0,5","0,5",0,0,0,0,0,0,2015-07-20,11.08.2015 11:15:41
42,"р. Ишим, выше г. Ишима, ПДК","0,5","0,5","0,5","0,5","0,5",0,0,0,0,0,0,2015-05-20,15.06.2015 10:52:43
49,"р. Тура, в створе с. Салаирка, ПДК","0,5","0,5","0,5","3,0","1,2",0,0,0,0,0,0,2015-06-20,14.07.2015 09:06:08
54,"р. Ишим, выше г. Ишима, ПДК","0,5","0,5","0,5","0,5","0,5",0,0,0,0,0,0,2015-06-20,14.07.2015 09:31:49
38,"р. Тура, выше г. Тюмени, ПДК","0,5","1,6","0,5","2,0","0,5",0,0,0,0,0,0,2015-05-20,15.06.2015 10:48:24
39,"р. Тура, ниже г. Тюмени, ПДК","0,5","2,0","0,5","3,0","0,5",0,0,0,0,0,0,2015-05-20,15.06.2015 10:49:26
59,"р. Тобол, ниже г. Ялуторовска, ПДК","0,5","1,1","0,5","3,0","0,5",0,0,0,0,0,0,2015-06-20,14.07.2015 10:50:53
60,"р. Тобол, в створе с. Иевлево, ПДК","0,5","1,6","0,5","2,0","0,5",0,0,0,0,0,0,2015-06-20,14.07.2015 10:51:54
44,"р. Ишим, в створе с. Абатское, ПДК","0,5","0,5","0,5","2,0","0,5",0,0,0,0,0,0,2015-05-20,15.06.2015 10:54:46
56,"р. Ишим, в створе с. Абатское, ПДК","0,5","0,5","0,5","2,0","0,5",0,0,0,0,0,0,2015-06-20,14.07.2015 09:38:00
651,"р. Ишим, выше г. Ишима, превышение ПДК","0,5","0,5","0,5","1,5","1,5","1,5","0,5","1,5","0,5","1,5","0,5",2020-02-20,13.03.2020 10:25:38
650,"р. Ишим, в створе с. Ильинское, превышение ПДК","0,5","0,5","0,5","0,5","0,5","1,5","0,5","1,5","0,5","1,5","0,5",2020-02-20,13.03.2020 10:24:43
642,"р. Ишим, ниже г. Ишима, превышение ПДК","0,5","0,5","0,5","1,5","0,5","0,5","0,5","1,5","0,5","1,5","0,5",2020-01-20,27.02.2020 10:49:40
242,"р. Тура, выше г. Тюмени, превышение ПДК","1,5","1,5","0,5","1,5","1,5",0,0,0,0,0,0,2016-12-20,17.01.2017 17:34:29
243,"р. Тура, ниже г. Тюмени, превышение ПДК","1,5","1,5","0,5","1,5","1,5",0,0,0,0,0,0,2016-12-20,17.01.2017 17:35:05
249,"р. Тобол, ниже г. Ялуторовска, превышение ПДК","1,5","0,5","0,5","1,5","1,5",0,0,0,0,0,0,2016-12-20,17.01.2017 17:41:40
47,"р. Тобол, ниже г. Ялуторовска, ПДК","2,6","0,5","0,5","0,5","1,6",0,0,0,0,0,0,2015-05-20,15.06.2015 10:58:13
91,"р. Тобол, в створе с. Коркино, ПДК","1,9","0,5","0,5","0,5","5,2",0,0,0,0,0,0,2015-09-20,20.10.2015 14:07:11
94,"р. Тобол, ниже г. Ялуторовска, ПДК","2,1","0,5","0,5","0,5","11,8",0,0,0,0,0,0,2015-09-20,20.10.2015 14:08:37
114,"р. Тобол, ниже г. Ялуторовска, ПДК","2,0","0,5","0,5","0,5","46,6",0,0,0,0,0,0,2015-11-20,10.12.2015 16:23:34
121,"р. Тобол, в створе с. Коркино, ПДК","1,2","0,5","0,5","0,5","1,2",0,0,0,0,0,0,2015-12-18,15.01.2016 13:35:11
129,"р. Ишим, ниже г. Ишима, ПДК","2,5","0,5","0,5","0,5","1,6",0,0,0,0,0,0,2016-02-19,15.03.2016 16:42:27
131,"р. Тобол, выше г. Ялуторовска, ПДК","3,2","0,5","0,5","0,5","3,8",0,0,0,0,0,0,2016-02-19,15.03.2016 16:44:01
141,"р. Тобол, ниже г. Ялуторовска, ПДК","2,3","0,5","0,5","0,5","2,4",0,0,0,0,0,0,2016-01-22,15.03.2016 17:14:50
124,"р. Тура, в створе с. Салаирка, ПДК","0,5","0,5","0,5","0,5","1,6",0,0,0,0,0,0,2016-02-19,15.03.2016 16:39:47
130,"р. Тобол, в створе с. Коркино, ПДК","0,5","0,5","0,5","0,5","1,2",0,0,0,0,0,0,2016-02-19,15.03.2016 16:43:17
134,"р. Тура, выше г. Тюмени, ПДК","0,5","0,5","0,5","0,5","3,2",0,0,0,0,0,0,2016-01-22,15.03.2016 17:08:43
83,"р. Тобол, ниже г. Ялуторовска, ПДК","0,5","1,4","0,5","0,5","48,2",0,0,0,0,0,0,2015-08-20,11.09.2015 10:33:43
445,"р. Ишим, ниже г. Ишима, превышение ПДК","0,5","0,5","0,5","0,5","1,5","1,5",0,0,0,0,0,2018-07-20,04.09.2018 15:05:10
446,"р. Ишим, в створе с. Абатское, превышение ПДК","0,5","0,5","0,5","0,5","1,5","1,5",0,0,0,0,0,2018-07-20,04.09.2018 15:08:49
447,"р. Тобол, в створе с. Коркино, превышение ПДК","0,5","0,5","0,5","0,5","1,5","1,5",0,0,0,0,0,2018-07-20,04.09.2018 15:09:25
522,"р. Ишим, в створе с. Ильинское, превышение ПДК","0,5","0,5","0,5","0,5","1,5","1,5",0,0,0,0,0,2019-03-20,19.04.2019 16:11:07
535,"р. Ишим, в створе с. Ильинское, превышение ПДК","0,5","0,5","0,5","0,5","1,5","1,5",0,0,0,0,0,2019-03-20,24.05.2019 11:15:51
538,"р. Ишим, выше г. Ишима, превышение ПДК","0,5","0,5","0,5","0,5","1,5","1,5",0,0,0,0,0,2019-04-19,24.05.2019 11:17:34
540,"р. Ишим, ниже г. Ишима, превышение ПДК","0,5","0,5","0,5","0,5","1,5","1,5",0,0,0,0,0,2019-04-19,24.05.2019 11:18:58
604,"р. Ишим, в створе с. Ильинское, превышение ПДК","0,5","0,5","0,5","0,5","1,5","1,5",0,0,0,0,0,2019-09-20,27.11.2019 17:31:06
606,"р. Ишим, выше г. Ишима, превышение ПДК","0,5","0,5","0,5","0,5","1,5","1,5",0,0,0,0,0,2019-09-20,27.11.2019 17:36:40
611,"р. Тобол, в створе с. Коркино, превышение ПДК","0,5","0,5","0,5","0,5","1,5","1,5",0,0,0,0,0,2019-09-20,27.11.2019 17:39:34
612,"р. Тобол, в створе с. Коркино, превышение ПДК","0,5","0,5","0,5","0,5","1,5","1,5",0,0,0,0,0,2019-10-21,27.11.2019 17:40:03
443,"р. Ишим, в створе с. Ильинское, превышение ПДК","0,5","0,5","0,5","0,5","1,5","0,5",0,0,0,0,0,2018-07-20,04.09.2018 15:04:04
455,"р. Ишим, в створе с. Ильинское, превышение ПДК","0,5","0,5","0,5","0,5","1,5","0,5",0,0,0,0,0,2018-08-20,08.11.2018 12:08:58
486,"р. Ишим, ниже г. Ишима, превышение ПДК","0,5","0,5","0,5","0,5","1,5","0,5",0,0,0,0,0,2018-11-19,23.01.2019 15:24:28
487,"р. Тобол, в створе с. Коркино, превышение ПДК","0,5","0,5","0,5","0,5","1,5","0,5",0,0,0,0,0,2018-11-19,23.01.2019 15:26:01
